"","id","release_year_movie","age_rating_movie","rotten_tomatoes_movie","tomato_category_movie","netflix_movie","hulu_movie","prime_video_movie","disney_movie","all_platforms_movie"
"1",3,2020,"7+",95,"certified_fresh","netflix_film","","","","netflix_film"
"2",7,2020,"13+",93,"certified_fresh","netflix_film","","","","netflix_film"
"3",10,2020,"18+",92,"certified_fresh","netflix_film","","","","netflix_film"
"4",17,2020,"18+",90,"certified_fresh","netflix_film","","","","netflix_film"
"5",30,2020,"13+",89,"certified_fresh","netflix_film","","","","netflix_film"
"6",32,2020,"18+",89,"certified_fresh","netflix_film","","","","netflix_film"
"7",34,2020,"18+",88,"certified_fresh","netflix_film","","","","netflix_film"
"8",42,2020,"18+",87,"certified_fresh","netflix_film","","","","netflix_film"
"9",43,2020,"18+",87,"certified_fresh","netflix_film","","","","netflix_film"
"10",44,2020,"18+",87,"certified_fresh","netflix_film","","","","netflix_film"
"11",47,2020,"16+",87,"certified_fresh","netflix_film","","","","netflix_film"
"12",50,2020,"18+",87,"certified_fresh","netflix_film","","","","netflix_film"
"13",75,2020,"13+",84,"certified_fresh","netflix_film","","","","netflix_film"
"14",85,2020,"18+",84,"certified_fresh","netflix_film","","","","netflix_film"
"15",88,2020,"7+",84,"certified_fresh","netflix_film","","","","netflix_film"
"16",97,2020,"18+",83,"certified_fresh","netflix_film","","","","netflix_film"
"17",106,2020,"all",83,"certified_fresh","netflix_film","","","","netflix_film"
"18",116,2020,"13+",82,"certified_fresh","netflix_film","","","","netflix_film"
"19",134,2020,"7+",81,"certified_fresh","netflix_film","","","","netflix_film"
"20",139,2021,"18+",81,"certified_fresh","netflix_film","","","","netflix_film"
"21",167,2020,"7+",80,"certified_fresh","netflix_film","","","","netflix_film"
"22",178,2020,"unknown",79,"certified_fresh","netflix_film","","","","netflix_film"
"23",214,2020,"18+",78,"certified_fresh","netflix_film","","","","netflix_film"
"24",232,2020,"13+",77,"certified_fresh","netflix_film","","","","netflix_film"
"25",282,2020,"13+",75,"certified_fresh","netflix_film","","","","netflix_film"
"26",288,2021,"13+",75,"certified_fresh","netflix_film","","","","netflix_film"
"27",306,2021,"18+",75,"certified_fresh","netflix_film","","","","netflix_film"
"28",314,2021,"18+",75,"certified_fresh","netflix_film","","","","netflix_film"
"29",323,2021,"18+",74,"fresh","netflix_film","","","","netflix_film"
"30",341,2020,"18+",74,"fresh","netflix_film","","","","netflix_film"
"31",344,2020,"18+",74,"fresh","netflix_film","","","","netflix_film"
"32",348,2020,"18+",74,"fresh","netflix_film","","","","netflix_film"
"33",358,2020,"18+",73,"fresh","netflix_film","","","","netflix_film"
"34",365,2021,"7+",73,"fresh","netflix_film","","","","netflix_film"
"35",368,2020,"unknown",73,"fresh","netflix_film","","","","netflix_film"
"36",371,2020,"all",73,"fresh","netflix_film","","","","netflix_film"
"37",377,2021,"7+",73,"fresh","netflix_film","","","","netflix_film"
"38",378,2020,"18+",73,"fresh","netflix_film","","","","netflix_film"
"39",385,2020,"unknown",73,"fresh","netflix_film","","","","netflix_film"
"40",386,2021,"18+",73,"fresh","netflix_film","","","","netflix_film"
"41",388,2021,"18+",73,"fresh","netflix_film","","","","netflix_film"
"42",443,2021,"13+",72,"fresh","netflix_film","","","","netflix_film"
"43",447,2020,"18+",72,"fresh","netflix_film","","","","netflix_film"
"44",449,2020,"18+",72,"fresh","netflix_film","","","","netflix_film"
"45",455,2020,"18+",71,"fresh","netflix_film","","","","netflix_film"
"46",486,2020,"7+",71,"fresh","netflix_film","","","","netflix_film"
"47",490,2020,"18+",71,"fresh","netflix_film","","","","netflix_film"
"48",494,2020,"13+",71,"fresh","netflix_film","","","","netflix_film"
"49",497,2020,"18+",71,"fresh","netflix_film","","","","netflix_film"
"50",501,2020,"18+",70,"fresh","netflix_film","","","","netflix_film"
"51",508,2021,"18+",70,"fresh","netflix_film","","","","netflix_film"
"52",515,2020,"18+",70,"fresh","netflix_film","","","","netflix_film"
"53",518,2020,"unknown",70,"fresh","netflix_film","","","","netflix_film"
"54",527,2020,"18+",70,"fresh","netflix_film","","","","netflix_film"
"55",533,2020,"unknown",70,"fresh","netflix_film","","","","netflix_film"
"56",561,2020,"18+",69,"fresh","netflix_film","","","","netflix_film"
"57",564,2021,"unknown",69,"fresh","netflix_film","","","","netflix_film"
"58",568,2021,"18+",69,"fresh","netflix_film","","","","netflix_film"
"59",570,2020,"18+",69,"fresh","netflix_film","","","","netflix_film"
"60",581,2021,"7+",69,"fresh","netflix_film","","","","netflix_film"
"61",586,2020,"18+",69,"fresh","netflix_film","","","","netflix_film"
"62",596,2020,"7+",69,"fresh","netflix_film","","","","netflix_film"
"63",601,2021,"13+",69,"fresh","netflix_film","","","","netflix_film"
"64",612,2020,"18+",68,"fresh","netflix_film","","","","netflix_film"
"65",614,2020,"13+",68,"fresh","netflix_film","","","","netflix_film"
"66",624,2020,"13+",68,"fresh","netflix_film","","","","netflix_film"
"67",630,2020,"18+",68,"fresh","netflix_film","","","","netflix_film"
"68",635,2020,"18+",68,"fresh","netflix_film","","","","netflix_film"
"69",638,2020,"16+",68,"fresh","netflix_film","","","","netflix_film"
"70",639,2020,"unknown",68,"fresh","netflix_film","","","","netflix_film"
"71",649,2021,"unknown",67,"fresh","netflix_film","","","","netflix_film"
"72",652,2020,"18+",67,"fresh","netflix_film","","","","netflix_film"
"73",656,2021,"unknown",67,"fresh","netflix_film","","","","netflix_film"
"74",658,2021,"18+",67,"fresh","netflix_film","","","","netflix_film"
"75",660,2021,"13+",67,"fresh","netflix_film","","","","netflix_film"
"76",661,2020,"18+",67,"fresh","netflix_film","","","","netflix_film"
"77",662,2021,"18+",67,"fresh","netflix_film","","","","netflix_film"
"78",666,2020,"13+",67,"fresh","netflix_film","","","","netflix_film"
"79",673,2021,"13+",67,"fresh","netflix_film","","","","netflix_film"
"80",674,2020,"unknown",67,"fresh","netflix_film","","","","netflix_film"
"81",684,2021,"18+",67,"fresh","netflix_film","","","","netflix_film"
"82",690,2021,"18+",67,"fresh","netflix_film","","","","netflix_film"
"83",692,2020,"unknown",67,"fresh","netflix_film","","","","netflix_film"
"84",693,2021,"7+",67,"fresh","netflix_film","","","","netflix_film"
"85",698,2020,"13+",67,"fresh","netflix_film","","","","netflix_film"
"86",704,2020,"18+",67,"fresh","netflix_film","","","","netflix_film"
"87",706,2021,"18+",67,"fresh","netflix_film","","","","netflix_film"
"88",723,2021,"18+",66,"fresh","netflix_film","","","","netflix_film"
"89",734,2021,"7+",66,"fresh","netflix_film","","","","netflix_film"
"90",735,2021,"18+",66,"fresh","netflix_film","","","","netflix_film"
"91",737,2020,"unknown",66,"fresh","netflix_film","","","","netflix_film"
"92",742,2021,"18+",66,"fresh","netflix_film","","","","netflix_film"
"93",746,2020,"18+",66,"fresh","netflix_film","","","","netflix_film"
"94",748,2020,"18+",66,"fresh","netflix_film","","","","netflix_film"
"95",749,2021,"18+",66,"fresh","netflix_film","","","","netflix_film"
"96",763,2020,"unknown",66,"fresh","netflix_film","","","","netflix_film"
"97",776,2021,"18+",65,"fresh","netflix_film","","","","netflix_film"
"98",789,2020,"13+",65,"fresh","netflix_film","","","","netflix_film"
"99",798,2020,"18+",65,"fresh","netflix_film","","","","netflix_film"
"100",807,2021,"18+",65,"fresh","netflix_film","","","","netflix_film"
"101",809,2020,"18+",65,"fresh","netflix_film","","","","netflix_film"
"102",811,2021,"unknown",65,"fresh","netflix_film","","","","netflix_film"
"103",812,2021,"7+",65,"fresh","netflix_film","","","","netflix_film"
"104",817,2020,"16+",65,"fresh","netflix_film","","","","netflix_film"
"105",826,2021,"13+",65,"fresh","netflix_film","","","","netflix_film"
"106",829,2021,"unknown",65,"fresh","netflix_film","","","","netflix_film"
"107",833,2020,"unknown",64,"fresh","netflix_film","","","","netflix_film"
"108",844,2020,"7+",64,"fresh","netflix_film","","","","netflix_film"
"109",858,2020,"18+",64,"fresh","netflix_film","","","","netflix_film"
"110",866,2020,"18+",64,"fresh","netflix_film","","","","netflix_film"
"111",873,2020,"unknown",64,"fresh","netflix_film","","","","netflix_film"
"112",875,2020,"13+",64,"fresh","netflix_film","","","","netflix_film"
"113",878,2021,"unknown",64,"fresh","netflix_film","","","","netflix_film"
"114",882,2020,"16+",64,"fresh","netflix_film","","","","netflix_film"
"115",883,2020,"18+",64,"fresh","netflix_film","","","","netflix_film"
"116",902,2021,"18+",64,"fresh","netflix_film","","","","netflix_film"
"117",913,2020,"unknown",63,"fresh","netflix_film","","","","netflix_film"
"118",917,2020,"7+",63,"fresh","netflix_film","","","","netflix_film"
"119",947,2020,"all",63,"fresh","netflix_film","","","","netflix_film"
"120",959,2021,"18+",63,"fresh","netflix_film","","","","netflix_film"
"121",960,2021,"18+",63,"fresh","netflix_film","","","","netflix_film"
"122",962,2020,"13+",63,"fresh","netflix_film","","","","netflix_film"
"123",964,2021,"unknown",63,"fresh","netflix_film","","prime_video_film","","multi_platform_film"
"124",965,2020,"18+",63,"fresh","netflix_film","","","","netflix_film"
"125",966,2021,"18+",63,"fresh","netflix_film","","","","netflix_film"
"126",983,2021,"unknown",63,"fresh","netflix_film","","","","netflix_film"
"127",993,2020,"unknown",62,"fresh","netflix_film","","","","netflix_film"
"128",994,2021,"7+",62,"fresh","netflix_film","","","","netflix_film"
"129",1001,2020,"all",62,"fresh","netflix_film","","","","netflix_film"
"130",1003,2020,"18+",62,"fresh","netflix_film","","","","netflix_film"
"131",1006,2020,"16+",62,"fresh","netflix_film","","","","netflix_film"
"132",1009,2020,"13+",62,"fresh","netflix_film","","","","netflix_film"
"133",1011,2021,"13+",62,"fresh","netflix_film","","","","netflix_film"
"134",1014,2020,"18+",62,"fresh","netflix_film","","","","netflix_film"
"135",1015,2020,"all",62,"fresh","netflix_film","","","","netflix_film"
"136",1026,2020,"18+",62,"fresh","netflix_film","","","","netflix_film"
"137",1032,2021,"unknown",62,"fresh","netflix_film","","","","netflix_film"
"138",1033,2020,"18+",62,"fresh","netflix_film","","","","netflix_film"
"139",1043,2020,"13+",62,"fresh","netflix_film","","","","netflix_film"
"140",1044,2020,"18+",62,"fresh","netflix_film","","","","netflix_film"
"141",1046,2020,"16+",62,"fresh","netflix_film","","","","netflix_film"
"142",1053,2021,"7+",62,"fresh","netflix_film","","","","netflix_film"
"143",1054,2020,"18+",62,"fresh","netflix_film","","","","netflix_film"
"144",1058,2021,"18+",61,"fresh","netflix_film","","","","netflix_film"
"145",1071,2020,"16+",61,"fresh","netflix_film","","","","netflix_film"
"146",1075,2020,"unknown",61,"fresh","netflix_film","","","","netflix_film"
"147",1080,2020,"16+",61,"fresh","netflix_film","","","","netflix_film"
"148",1084,2020,"16+",61,"fresh","netflix_film","","","","netflix_film"
"149",1086,2021,"16+",61,"fresh","netflix_film","","","","netflix_film"
"150",1087,2020,"18+",61,"fresh","netflix_film","","","","netflix_film"
"151",1092,2021,"18+",61,"fresh","netflix_film","","","","netflix_film"
"152",1096,2020,"18+",61,"fresh","netflix_film","","","","netflix_film"
"153",1098,2020,"unknown",61,"fresh","netflix_film","","","","netflix_film"
"154",1101,2021,"18+",61,"fresh","netflix_film","","","","netflix_film"
"155",1115,2020,"18+",61,"fresh","netflix_film","","","","netflix_film"
"156",1116,2021,"18+",61,"fresh","netflix_film","","prime_video_film","","multi_platform_film"
"157",1125,2020,"unknown",61,"fresh","netflix_film","","","","netflix_film"
"158",1126,2021,"18+",61,"fresh","netflix_film","","","","netflix_film"
"159",1127,2020,"18+",61,"fresh","netflix_film","","","","netflix_film"
"160",1129,2020,"unknown",61,"fresh","netflix_film","","","","netflix_film"
"161",1130,2021,"7+",61,"fresh","netflix_film","","","","netflix_film"
"162",1133,2021,"18+",60,"fresh","netflix_film","","","","netflix_film"
"163",1135,2021,"18+",60,"fresh","netflix_film","","","","netflix_film"
"164",1141,2021,"18+",60,"fresh","netflix_film","","","","netflix_film"
"165",1147,2020,"18+",60,"fresh","netflix_film","","","","netflix_film"
"166",1152,2020,"18+",60,"fresh","netflix_film","","","","netflix_film"
"167",1157,2020,"13+",60,"fresh","netflix_film","","","","netflix_film"
"168",1160,2020,"13+",60,"fresh","netflix_film","","","","netflix_film"
"169",1164,2020,"7+",60,"fresh","netflix_film","","","","netflix_film"
"170",1166,2020,"unknown",60,"fresh","netflix_film","","","","netflix_film"
"171",1171,2020,"18+",60,"fresh","netflix_film","","","","netflix_film"
"172",1173,2020,"13+",60,"fresh","netflix_film","","","","netflix_film"
"173",1177,2020,"unknown",60,"fresh","netflix_film","","","","netflix_film"
"174",1191,2021,"unknown",60,"fresh","netflix_film","","","","netflix_film"
"175",1193,2021,"18+",60,"fresh","netflix_film","","","","netflix_film"
"176",1196,2020,"unknown",60,"fresh","netflix_film","","","","netflix_film"
"177",1201,2020,"18+",60,"fresh","netflix_film","","","","netflix_film"
"178",1203,2020,"16+",60,"fresh","netflix_film","","","","netflix_film"
"179",1205,2020,"unknown",60,"fresh","netflix_film","","","","netflix_film"
"180",1209,2021,"unknown",60,"fresh","netflix_film","","","","netflix_film"
"181",1214,2021,"all",60,"fresh","netflix_film","","","","netflix_film"
"182",1215,2020,"18+",60,"fresh","netflix_film","","","","netflix_film"
"183",1220,2020,"16+",60,"fresh","netflix_film","","","","netflix_film"
"184",1229,2020,"18+",59,"rotten","netflix_film","","","","netflix_film"
"185",1239,2020,"unknown",59,"rotten","netflix_film","","","","netflix_film"
"186",1254,2021,"18+",59,"rotten","netflix_film","","","","netflix_film"
"187",1255,2020,"unknown",59,"rotten","netflix_film","","","","netflix_film"
"188",1256,2021,"16+",59,"rotten","netflix_film","","","","netflix_film"
"189",1263,2020,"13+",59,"rotten","netflix_film","","","","netflix_film"
"190",1267,2020,"unknown",59,"rotten","netflix_film","","","","netflix_film"
"191",1269,2020,"13+",59,"rotten","netflix_film","","","","netflix_film"
"192",1271,2020,"7+",59,"rotten","netflix_film","","","","netflix_film"
"193",1276,2020,"unknown",59,"rotten","netflix_film","","","","netflix_film"
"194",1279,2020,"13+",59,"rotten","netflix_film","","","","netflix_film"
"195",1281,2020,"18+",59,"rotten","netflix_film","","","","netflix_film"
"196",1282,2020,"unknown",59,"rotten","netflix_film","","","","netflix_film"
"197",1294,2020,"18+",59,"rotten","netflix_film","","","","netflix_film"
"198",1302,2020,"13+",59,"rotten","netflix_film","","","","netflix_film"
"199",1316,2021,"unknown",59,"rotten","netflix_film","","","","netflix_film"
"200",1318,2021,"all",59,"rotten","netflix_film","","","","netflix_film"
"201",1319,2021,"16+",59,"rotten","netflix_film","","","","netflix_film"
"202",1321,2021,"18+",59,"rotten","netflix_film","","","","netflix_film"
"203",1346,2020,"18+",58,"rotten","netflix_film","","","","netflix_film"
"204",1347,2021,"16+",58,"rotten","netflix_film","","","","netflix_film"
"205",1348,2020,"unknown",58,"rotten","netflix_film","","","","netflix_film"
"206",1356,2020,"unknown",58,"rotten","netflix_film","","","","netflix_film"
"207",1358,2021,"unknown",58,"rotten","netflix_film","","","","netflix_film"
"208",1361,2021,"18+",58,"rotten","netflix_film","","","","netflix_film"
"209",1363,2021,"16+",58,"rotten","netflix_film","","","","netflix_film"
"210",1371,2021,"18+",58,"rotten","netflix_film","","","","netflix_film"
"211",1382,2020,"18+",58,"rotten","netflix_film","","","","netflix_film"
"212",1383,2021,"13+",58,"rotten","netflix_film","","","","netflix_film"
"213",1384,2021,"18+",58,"rotten","netflix_film","","","","netflix_film"
"214",1397,2021,"18+",58,"rotten","netflix_film","","","","netflix_film"
"215",1409,2021,"unknown",58,"rotten","netflix_film","","","","netflix_film"
"216",1411,2020,"16+",58,"rotten","netflix_film","","","","netflix_film"
"217",1412,2020,"unknown",58,"rotten","netflix_film","","","","netflix_film"
"218",1413,2020,"18+",58,"rotten","netflix_film","","","","netflix_film"
"219",1414,2021,"unknown",58,"rotten","netflix_film","","","","netflix_film"
"220",1422,2020,"all",57,"rotten","netflix_film","","","","netflix_film"
"221",1423,2020,"18+",57,"rotten","netflix_film","","","","netflix_film"
"222",1426,2020,"unknown",57,"rotten","netflix_film","","","","netflix_film"
"223",1428,2021,"unknown",57,"rotten","netflix_film","","","","netflix_film"
"224",1431,2020,"unknown",57,"rotten","netflix_film","","","","netflix_film"
"225",1434,2020,"18+",57,"rotten","netflix_film","","","","netflix_film"
"226",1435,2020,"18+",57,"rotten","netflix_film","","","","netflix_film"
"227",1442,2020,"unknown",57,"rotten","netflix_film","","","","netflix_film"
"228",1447,2021,"13+",57,"rotten","netflix_film","","","","netflix_film"
"229",1448,2020,"unknown",57,"rotten","netflix_film","","","","netflix_film"
"230",1460,2021,"unknown",57,"rotten","netflix_film","","","","netflix_film"
"231",1462,2020,"13+",57,"rotten","netflix_film","","","","netflix_film"
"232",1470,2020,"18+",57,"rotten","netflix_film","","","","netflix_film"
"233",1477,2020,"unknown",57,"rotten","netflix_film","","","","netflix_film"
"234",1480,2020,"18+",57,"rotten","netflix_film","","","","netflix_film"
"235",1489,2020,"7+",57,"rotten","netflix_film","","","","netflix_film"
"236",1490,2020,"unknown",57,"rotten","netflix_film","","","","netflix_film"
"237",1491,2020,"unknown",57,"rotten","netflix_film","","","","netflix_film"
"238",1493,2020,"18+",57,"rotten","netflix_film","","","","netflix_film"
"239",1499,2020,"13+",57,"rotten","netflix_film","","","","netflix_film"
"240",1502,2020,"13+",57,"rotten","netflix_film","","","","netflix_film"
"241",1503,2020,"18+",57,"rotten","netflix_film","","","","netflix_film"
"242",1506,2020,"18+",57,"rotten","netflix_film","","","","netflix_film"
"243",1507,2021,"18+",57,"rotten","netflix_film","","","","netflix_film"
"244",1508,2020,"18+",57,"rotten","netflix_film","","","","netflix_film"
"245",1511,2020,"7+",57,"rotten","netflix_film","","","","netflix_film"
"246",1512,2020,"all",57,"rotten","netflix_film","","","","netflix_film"
"247",1515,2021,"unknown",57,"rotten","netflix_film","","","","netflix_film"
"248",1521,2021,"18+",57,"rotten","netflix_film","","","","netflix_film"
"249",1535,2020,"18+",56,"rotten","netflix_film","","","","netflix_film"
"250",1536,2020,"unknown",56,"rotten","netflix_film","","","","netflix_film"
"251",1537,2020,"18+",56,"rotten","netflix_film","","","","netflix_film"
"252",1546,2020,"unknown",56,"rotten","netflix_film","","","","netflix_film"
"253",1549,2021,"18+",56,"rotten","netflix_film","","","","netflix_film"
"254",1550,2020,"7+",56,"rotten","netflix_film","","","","netflix_film"
"255",1555,2020,"unknown",56,"rotten","netflix_film","","","","netflix_film"
"256",1556,2020,"unknown",56,"rotten","netflix_film","","","","netflix_film"
"257",1557,2020,"18+",56,"rotten","netflix_film","","","","netflix_film"
"258",1564,2020,"unknown",56,"rotten","netflix_film","","","","netflix_film"
"259",1565,2021,"unknown",56,"rotten","netflix_film","","","","netflix_film"
"260",1567,2021,"18+",56,"rotten","netflix_film","","","","netflix_film"
"261",1572,2021,"unknown",56,"rotten","netflix_film","","","","netflix_film"
"262",1575,2021,"18+",56,"rotten","netflix_film","","","","netflix_film"
"263",1577,2020,"unknown",56,"rotten","netflix_film","","","","netflix_film"
"264",1587,2020,"18+",56,"rotten","netflix_film","","","","netflix_film"
"265",1589,2021,"unknown",56,"rotten","netflix_film","","","","netflix_film"
"266",1590,2021,"unknown",56,"rotten","netflix_film","","","","netflix_film"
"267",1591,2020,"unknown",56,"rotten","netflix_film","","","","netflix_film"
"268",1595,2020,"unknown",56,"rotten","netflix_film","","","","netflix_film"
"269",1601,2020,"18+",56,"rotten","netflix_film","","","","netflix_film"
"270",1607,2021,"all",56,"rotten","netflix_film","","","","netflix_film"
"271",1612,2020,"18+",56,"rotten","netflix_film","","","","netflix_film"
"272",1619,2020,"7+",56,"rotten","netflix_film","","","","netflix_film"
"273",1620,2021,"unknown",56,"rotten","netflix_film","","","","netflix_film"
"274",1623,2020,"unknown",56,"rotten","netflix_film","","","","netflix_film"
"275",1624,2021,"18+",56,"rotten","netflix_film","","","","netflix_film"
"276",1625,2021,"unknown",56,"rotten","netflix_film","","","","netflix_film"
"277",1626,2021,"18+",56,"rotten","netflix_film","","","","netflix_film"
"278",1627,2020,"unknown",56,"rotten","netflix_film","","","","netflix_film"
"279",1631,2021,"unknown",56,"rotten","netflix_film","","","","netflix_film"
"280",1633,2020,"18+",56,"rotten","netflix_film","","","","netflix_film"
"281",1650,2021,"18+",55,"rotten","netflix_film","","","","netflix_film"
"282",1664,2021,"16+",55,"rotten","netflix_film","","","","netflix_film"
"283",1671,2020,"unknown",55,"rotten","netflix_film","","","","netflix_film"
"284",1675,2020,"unknown",55,"rotten","netflix_film","hulu_film","","","multi_platform_film"
"285",1687,2021,"18+",55,"rotten","netflix_film","","","","netflix_film"
"286",1691,2020,"unknown",55,"rotten","netflix_film","","","","netflix_film"
"287",1696,2021,"unknown",55,"rotten","netflix_film","","","","netflix_film"
"288",1697,2021,"unknown",55,"rotten","netflix_film","","","","netflix_film"
"289",1702,2020,"unknown",55,"rotten","netflix_film","","","","netflix_film"
"290",1706,2020,"unknown",55,"rotten","netflix_film","","","","netflix_film"
"291",1707,2021,"unknown",55,"rotten","netflix_film","","","","netflix_film"
"292",1723,2020,"18+",55,"rotten","netflix_film","","","","netflix_film"
"293",1725,2020,"18+",55,"rotten","netflix_film","","","","netflix_film"
"294",1726,2020,"unknown",55,"rotten","netflix_film","","","","netflix_film"
"295",1738,2021,"18+",55,"rotten","netflix_film","","","","netflix_film"
"296",1744,2021,"16+",55,"rotten","netflix_film","","","","netflix_film"
"297",1757,2020,"unknown",54,"rotten","netflix_film","","","","netflix_film"
"298",1764,2020,"18+",54,"rotten","netflix_film","","","","netflix_film"
"299",1765,2020,"unknown",54,"rotten","netflix_film","","","","netflix_film"
"300",1775,2020,"18+",54,"rotten","netflix_film","","","","netflix_film"
"301",1778,2021,"unknown",54,"rotten","netflix_film","","","","netflix_film"
"302",1782,2020,"7+",54,"rotten","netflix_film","","","","netflix_film"
"303",1789,2021,"16+",54,"rotten","netflix_film","","","","netflix_film"
"304",1795,2020,"unknown",54,"rotten","netflix_film","","","","netflix_film"
"305",1797,2020,"unknown",54,"rotten","netflix_film","","","","netflix_film"
"306",1808,2020,"18+",54,"rotten","netflix_film","","","","netflix_film"
"307",1810,2020,"unknown",54,"rotten","netflix_film","","","","netflix_film"
"308",1820,2021,"unknown",54,"rotten","netflix_film","","","","netflix_film"
"309",1821,2020,"all",54,"rotten","netflix_film","","","","netflix_film"
"310",1826,2021,"unknown",54,"rotten","netflix_film","","","","netflix_film"
"311",1830,2021,"unknown",54,"rotten","netflix_film","","","","netflix_film"
"312",1832,2020,"unknown",54,"rotten","netflix_film","","","","netflix_film"
"313",1834,2020,"unknown",54,"rotten","netflix_film","","","","netflix_film"
"314",1843,2021,"unknown",53,"rotten","netflix_film","","","","netflix_film"
"315",1846,2021,"unknown",53,"rotten","netflix_film","","","","netflix_film"
"316",1860,2020,"13+",53,"rotten","netflix_film","","","","netflix_film"
"317",1861,2021,"unknown",53,"rotten","netflix_film","","","","netflix_film"
"318",1862,2020,"18+",53,"rotten","netflix_film","","","","netflix_film"
"319",1863,2020,"16+",53,"rotten","netflix_film","","","","netflix_film"
"320",1867,2020,"unknown",53,"rotten","netflix_film","","","","netflix_film"
"321",1869,2020,"unknown",53,"rotten","netflix_film","","","","netflix_film"
"322",1871,2020,"all",53,"rotten","netflix_film","","","","netflix_film"
"323",1883,2020,"unknown",53,"rotten","netflix_film","","","","netflix_film"
"324",1886,2021,"unknown",53,"rotten","netflix_film","","","","netflix_film"
"325",1889,2020,"unknown",53,"rotten","netflix_film","","","","netflix_film"
"326",1892,2020,"unknown",53,"rotten","netflix_film","","","","netflix_film"
"327",1894,2020,"16+",53,"rotten","netflix_film","","","","netflix_film"
"328",1898,2021,"18+",53,"rotten","netflix_film","","","","netflix_film"
"329",1899,2020,"7+",53,"rotten","netflix_film","","","","netflix_film"
"330",1901,2020,"unknown",53,"rotten","netflix_film","","","","netflix_film"
"331",1907,2020,"7+",53,"rotten","netflix_film","","","","netflix_film"
"332",1911,2020,"unknown",53,"rotten","netflix_film","","","","netflix_film"
"333",1914,2020,"18+",53,"rotten","netflix_film","","","","netflix_film"
"334",1919,2020,"unknown",53,"rotten","netflix_film","","","","netflix_film"
"335",1920,2020,"unknown",53,"rotten","netflix_film","","","","netflix_film"
"336",1922,2020,"unknown",53,"rotten","netflix_film","","","","netflix_film"
"337",1929,2020,"18+",53,"rotten","netflix_film","","","","netflix_film"
"338",1931,2020,"18+",53,"rotten","netflix_film","","","","netflix_film"
"339",1932,2020,"18+",52,"rotten","netflix_film","","","","netflix_film"
"340",1936,2020,"unknown",52,"rotten","netflix_film","","","","netflix_film"
"341",1939,2020,"all",52,"rotten","netflix_film","","","","netflix_film"
"342",1949,2021,"unknown",52,"rotten","netflix_film","","","","netflix_film"
"343",1950,2020,"unknown",52,"rotten","netflix_film","","","","netflix_film"
"344",1951,2021,"unknown",52,"rotten","netflix_film","","","","netflix_film"
"345",1957,2020,"unknown",52,"rotten","netflix_film","","","","netflix_film"
"346",1961,2020,"unknown",52,"rotten","netflix_film","","","","netflix_film"
"347",1963,2021,"unknown",52,"rotten","netflix_film","","","","netflix_film"
"348",1975,2020,"18+",52,"rotten","netflix_film","","","","netflix_film"
"349",1983,2021,"7+",52,"rotten","netflix_film","","","","netflix_film"
"350",1988,2020,"18+",52,"rotten","netflix_film","","","","netflix_film"
"351",1989,2021,"18+",52,"rotten","netflix_film","","","","netflix_film"
"352",1993,2021,"unknown",52,"rotten","netflix_film","","","","netflix_film"
"353",2001,2020,"18+",52,"rotten","netflix_film","","","","netflix_film"
"354",2007,2020,"unknown",52,"rotten","netflix_film","","","","netflix_film"
"355",2015,2021,"18+",52,"rotten","netflix_film","","","","netflix_film"
"356",2017,2021,"unknown",52,"rotten","netflix_film","","","","netflix_film"
"357",2019,2020,"18+",52,"rotten","netflix_film","","","","netflix_film"
"358",2023,2020,"16+",52,"rotten","netflix_film","","","","netflix_film"
"359",2024,2020,"18+",52,"rotten","netflix_film","","","","netflix_film"
"360",2026,2020,"unknown",52,"rotten","netflix_film","","","","netflix_film"
"361",2030,2020,"unknown",51,"rotten","netflix_film","","","disney_film","multi_platform_film"
"362",2034,2021,"unknown",51,"rotten","netflix_film","","","","netflix_film"
"363",2035,2020,"unknown",51,"rotten","netflix_film","","","","netflix_film"
"364",2046,2020,"all",51,"rotten","netflix_film","","","","netflix_film"
"365",2050,2020,"18+",51,"rotten","netflix_film","","","","netflix_film"
"366",2052,2020,"18+",51,"rotten","netflix_film","","","","netflix_film"
"367",2062,2020,"7+",51,"rotten","netflix_film","","","","netflix_film"
"368",2063,2020,"18+",51,"rotten","netflix_film","","","","netflix_film"
"369",2069,2021,"unknown",51,"rotten","netflix_film","","","","netflix_film"
"370",2072,2020,"18+",51,"rotten","netflix_film","","","","netflix_film"
"371",2073,2021,"13+",51,"rotten","netflix_film","","","","netflix_film"
"372",2079,2021,"unknown",51,"rotten","netflix_film","","","","netflix_film"
"373",2081,2020,"unknown",51,"rotten","netflix_film","","","","netflix_film"
"374",2082,2020,"unknown",51,"rotten","netflix_film","","","","netflix_film"
"375",2084,2020,"18+",51,"rotten","netflix_film","","","","netflix_film"
"376",2086,2020,"7+",51,"rotten","netflix_film","","","","netflix_film"
"377",2091,2021,"unknown",51,"rotten","netflix_film","","","","netflix_film"
"378",2095,2021,"unknown",51,"rotten","netflix_film","","","","netflix_film"
"379",2098,2020,"unknown",51,"rotten","netflix_film","","","","netflix_film"
"380",2099,2020,"18+",51,"rotten","netflix_film","","","","netflix_film"
"381",2108,2020,"unknown",51,"rotten","netflix_film","","","","netflix_film"
"382",2111,2020,"unknown",51,"rotten","netflix_film","","","","netflix_film"
"383",2114,2021,"13+",51,"rotten","netflix_film","","","","netflix_film"
"384",2115,2021,"18+",51,"rotten","netflix_film","","","","netflix_film"
"385",2125,2020,"unknown",51,"rotten","netflix_film","","","","netflix_film"
"386",2129,2020,"unknown",51,"rotten","netflix_film","","","","netflix_film"
"387",2137,2020,"18+",51,"rotten","netflix_film","","","","netflix_film"
"388",2148,2021,"all",50,"rotten","netflix_film","","","","netflix_film"
"389",2153,2021,"unknown",50,"rotten","netflix_film","","","","netflix_film"
"390",2160,2021,"unknown",50,"rotten","netflix_film","","","","netflix_film"
"391",2166,2020,"unknown",50,"rotten","netflix_film","","","","netflix_film"
"392",2170,2021,"unknown",50,"rotten","netflix_film","","","","netflix_film"
"393",2173,2020,"unknown",50,"rotten","netflix_film","","prime_video_film","","multi_platform_film"
"394",2177,2020,"18+",50,"rotten","netflix_film","","","","netflix_film"
"395",2194,2020,"unknown",50,"rotten","netflix_film","","","","netflix_film"
"396",2198,2020,"18+",50,"rotten","netflix_film","","","","netflix_film"
"397",2204,2021,"unknown",50,"rotten","netflix_film","","","","netflix_film"
"398",2212,2020,"13+",50,"rotten","netflix_film","","","","netflix_film"
"399",2213,2020,"unknown",50,"rotten","netflix_film","","","","netflix_film"
"400",2216,2020,"16+",50,"rotten","netflix_film","","","","netflix_film"
"401",2218,2020,"18+",50,"rotten","netflix_film","","","","netflix_film"
"402",2228,2021,"unknown",50,"rotten","netflix_film","","","","netflix_film"
"403",2233,2020,"unknown",50,"rotten","netflix_film","","","","netflix_film"
"404",2234,2020,"unknown",50,"rotten","netflix_film","","","","netflix_film"
"405",2239,2020,"18+",50,"rotten","netflix_film","","","","netflix_film"
"406",2242,2020,"18+",50,"rotten","netflix_film","","","","netflix_film"
"407",2258,2021,"unknown",50,"rotten","netflix_film","","","","netflix_film"
"408",2260,2020,"unknown",49,"rotten","netflix_film","hulu_film","","","multi_platform_film"
"409",2263,2021,"unknown",49,"rotten","netflix_film","","","","netflix_film"
"410",2269,2020,"unknown",49,"rotten","netflix_film","","","","netflix_film"
"411",2276,2021,"16+",49,"rotten","netflix_film","","","","netflix_film"
"412",2282,2021,"unknown",49,"rotten","netflix_film","","","","netflix_film"
"413",2285,2020,"13+",49,"rotten","netflix_film","","","","netflix_film"
"414",2295,2021,"unknown",49,"rotten","netflix_film","","","","netflix_film"
"415",2303,2021,"18+",49,"rotten","netflix_film","","","","netflix_film"
"416",2304,2020,"18+",49,"rotten","netflix_film","","","","netflix_film"
"417",2316,2021,"unknown",49,"rotten","netflix_film","","","","netflix_film"
"418",2322,2021,"unknown",49,"rotten","netflix_film","","","","netflix_film"
"419",2325,2020,"unknown",49,"rotten","netflix_film","","","","netflix_film"
"420",2329,2021,"unknown",49,"rotten","netflix_film","","","","netflix_film"
"421",2333,2021,"unknown",49,"rotten","netflix_film","","","","netflix_film"
"422",2338,2020,"unknown",49,"rotten","netflix_film","","","","netflix_film"
"423",2345,2021,"unknown",49,"rotten","netflix_film","","","","netflix_film"
"424",2346,2021,"unknown",49,"rotten","netflix_film","","","","netflix_film"
"425",2350,2020,"unknown",49,"rotten","netflix_film","","","","netflix_film"
"426",2352,2020,"unknown",49,"rotten","netflix_film","","","","netflix_film"
"427",2353,2020,"18+",49,"rotten","netflix_film","","","","netflix_film"
"428",2362,2021,"7+",49,"rotten","netflix_film","","","","netflix_film"
"429",2364,2020,"unknown",49,"rotten","netflix_film","","prime_video_film","","multi_platform_film"
"430",2369,2020,"all",49,"rotten","netflix_film","","","","netflix_film"
"431",2374,2021,"unknown",48,"rotten","netflix_film","","","","netflix_film"
"432",2381,2021,"unknown",48,"rotten","netflix_film","","","","netflix_film"
"433",2382,2020,"18+",48,"rotten","netflix_film","","","","netflix_film"
"434",2383,2021,"unknown",48,"rotten","netflix_film","","","","netflix_film"
"435",2386,2020,"unknown",48,"rotten","netflix_film","","","","netflix_film"
"436",2388,2020,"18+",48,"rotten","netflix_film","","","","netflix_film"
"437",2389,2021,"unknown",48,"rotten","netflix_film","","","","netflix_film"
"438",2392,2020,"unknown",48,"rotten","netflix_film","","","","netflix_film"
"439",2393,2020,"18+",48,"rotten","netflix_film","","","","netflix_film"
"440",2398,2020,"unknown",48,"rotten","netflix_film","","","","netflix_film"
"441",2407,2020,"18+",48,"rotten","netflix_film","","","","netflix_film"
"442",2408,2021,"unknown",48,"rotten","netflix_film","","","","netflix_film"
"443",2414,2021,"unknown",48,"rotten","netflix_film","","","","netflix_film"
"444",2415,2021,"7+",48,"rotten","netflix_film","","","","netflix_film"
"445",2432,2020,"unknown",48,"rotten","netflix_film","","","","netflix_film"
"446",2436,2020,"all",48,"rotten","netflix_film","","","","netflix_film"
"447",2440,2021,"13+",48,"rotten","netflix_film","","","","netflix_film"
"448",2445,2020,"unknown",48,"rotten","netflix_film","","","","netflix_film"
"449",2455,2020,"unknown",48,"rotten","netflix_film","","","","netflix_film"
"450",2463,2020,"unknown",48,"rotten","netflix_film","","","","netflix_film"
"451",2467,2020,"unknown",48,"rotten","netflix_film","","","","netflix_film"
"452",2485,2020,"unknown",47,"rotten","netflix_film","","","","netflix_film"
"453",2494,2020,"7+",47,"rotten","netflix_film","","","","netflix_film"
"454",2497,2020,"16+",47,"rotten","netflix_film","","","","netflix_film"
"455",2501,2020,"unknown",47,"rotten","netflix_film","","","","netflix_film"
"456",2508,2020,"7+",47,"rotten","netflix_film","","","","netflix_film"
"457",2516,2020,"unknown",47,"rotten","netflix_film","","","","netflix_film"
"458",2522,2021,"unknown",47,"rotten","netflix_film","","","","netflix_film"
"459",2524,2020,"18+",47,"rotten","netflix_film","","","","netflix_film"
"460",2527,2020,"16+",47,"rotten","netflix_film","","","","netflix_film"
"461",2528,2020,"7+",47,"rotten","netflix_film","","","","netflix_film"
"462",2535,2020,"unknown",47,"rotten","netflix_film","","","","netflix_film"
"463",2537,2020,"unknown",47,"rotten","netflix_film","","","","netflix_film"
"464",2548,2020,"unknown",47,"rotten","netflix_film","","","","netflix_film"
"465",2560,2020,"unknown",47,"rotten","netflix_film","","","","netflix_film"
"466",2561,2020,"unknown",47,"rotten","netflix_film","","","","netflix_film"
"467",2566,2020,"unknown",47,"rotten","netflix_film","","","","netflix_film"
"468",2568,2021,"unknown",47,"rotten","netflix_film","","","","netflix_film"
"469",2573,2020,"unknown",47,"rotten","netflix_film","","","","netflix_film"
"470",2574,2020,"unknown",47,"rotten","netflix_film","","","","netflix_film"
"471",2576,2020,"unknown",46,"rotten","netflix_film","","","","netflix_film"
"472",2577,2020,"unknown",46,"rotten","netflix_film","","","","netflix_film"
"473",2578,2020,"unknown",46,"rotten","netflix_film","","","","netflix_film"
"474",2580,2020,"unknown",46,"rotten","netflix_film","","","","netflix_film"
"475",2588,2020,"18+",46,"rotten","netflix_film","","","","netflix_film"
"476",2600,2020,"unknown",46,"rotten","netflix_film","","","","netflix_film"
"477",2614,2021,"all",46,"rotten","netflix_film","","","","netflix_film"
"478",2619,2021,"unknown",46,"rotten","netflix_film","","","","netflix_film"
"479",2622,2020,"unknown",46,"rotten","netflix_film","","","","netflix_film"
"480",2626,2020,"unknown",46,"rotten","netflix_film","","","","netflix_film"
"481",2627,2021,"unknown",46,"rotten","netflix_film","","","","netflix_film"
"482",2635,2020,"all",46,"rotten","netflix_film","","","","netflix_film"
"483",2639,2020,"16+",46,"rotten","netflix_film","","","","netflix_film"
"484",2642,2020,"18+",46,"rotten","netflix_film","","","","netflix_film"
"485",2644,2021,"unknown",46,"rotten","netflix_film","","","","netflix_film"
"486",2647,2021,"unknown",46,"rotten","netflix_film","","","","netflix_film"
"487",2665,2020,"unknown",46,"rotten","netflix_film","","","","netflix_film"
"488",2668,2020,"16+",46,"rotten","netflix_film","","","","netflix_film"
"489",2675,2020,"unknown",46,"rotten","netflix_film","","","","netflix_film"
"490",2676,2020,"unknown",46,"rotten","netflix_film","","","","netflix_film"
"491",2680,2020,"18+",46,"rotten","netflix_film","","","","netflix_film"
"492",2691,2021,"unknown",46,"rotten","netflix_film","","","","netflix_film"
"493",2696,2020,"16+",46,"rotten","netflix_film","","","","netflix_film"
"494",2704,2020,"18+",45,"rotten","netflix_film","","","","netflix_film"
"495",2714,2020,"18+",45,"rotten","netflix_film","","","","netflix_film"
"496",2718,2020,"18+",45,"rotten","netflix_film","","","","netflix_film"
"497",2723,2021,"unknown",45,"rotten","netflix_film","","","","netflix_film"
"498",2725,2021,"unknown",45,"rotten","netflix_film","","","","netflix_film"
"499",2726,2020,"unknown",45,"rotten","netflix_film","","","","netflix_film"
"500",2732,2021,"unknown",45,"rotten","netflix_film","","","","netflix_film"
"501",2735,2020,"18+",45,"rotten","netflix_film","","","","netflix_film"
"502",2740,2021,"unknown",45,"rotten","netflix_film","","","","netflix_film"
"503",2745,2020,"unknown",45,"rotten","netflix_film","","","","netflix_film"
"504",2750,2020,"unknown",45,"rotten","netflix_film","","","","netflix_film"
"505",2751,2020,"all",45,"rotten","netflix_film","","","","netflix_film"
"506",2752,2021,"18+",45,"rotten","netflix_film","","","","netflix_film"
"507",2755,2020,"unknown",45,"rotten","netflix_film","","","","netflix_film"
"508",2757,2021,"16+",45,"rotten","netflix_film","","","","netflix_film"
"509",2762,2020,"unknown",45,"rotten","netflix_film","","","","netflix_film"
"510",2768,2020,"unknown",45,"rotten","netflix_film","","","","netflix_film"
"511",2775,2020,"unknown",45,"rotten","netflix_film","","","","netflix_film"
"512",2783,2020,"unknown",44,"rotten","netflix_film","","","","netflix_film"
"513",2785,2020,"unknown",44,"rotten","netflix_film","","","","netflix_film"
"514",2793,2021,"16+",44,"rotten","netflix_film","","","","netflix_film"
"515",2799,2020,"unknown",44,"rotten","netflix_film","","","","netflix_film"
"516",2802,2020,"unknown",44,"rotten","netflix_film","","","","netflix_film"
"517",2805,2020,"unknown",44,"rotten","netflix_film","","","","netflix_film"
"518",2809,2021,"unknown",44,"rotten","netflix_film","","","","netflix_film"
"519",2812,2020,"unknown",44,"rotten","netflix_film","","","","netflix_film"
"520",2816,2021,"unknown",44,"rotten","netflix_film","","","","netflix_film"
"521",2820,2020,"unknown",44,"rotten","netflix_film","","","","netflix_film"
"522",2822,2021,"unknown",44,"rotten","netflix_film","","","","netflix_film"
"523",2824,2020,"all",44,"rotten","netflix_film","","","","netflix_film"
"524",2828,2021,"unknown",44,"rotten","netflix_film","","","","netflix_film"
"525",2829,2020,"18+",44,"rotten","netflix_film","","","","netflix_film"
"526",2830,2020,"unknown",44,"rotten","netflix_film","","","","netflix_film"
"527",2832,2021,"unknown",44,"rotten","netflix_film","","","","netflix_film"
"528",2834,2021,"unknown",44,"rotten","netflix_film","","","","netflix_film"
"529",2835,2020,"unknown",44,"rotten","netflix_film","","","","netflix_film"
"530",2841,2020,"18+",44,"rotten","netflix_film","","","","netflix_film"
"531",2842,2020,"unknown",44,"rotten","netflix_film","","","","netflix_film"
"532",2851,2020,"unknown",44,"rotten","netflix_film","","","","netflix_film"
"533",2852,2021,"unknown",44,"rotten","netflix_film","","","","netflix_film"
"534",2855,2020,"unknown",44,"rotten","netflix_film","","","","netflix_film"
"535",2857,2020,"unknown",44,"rotten","netflix_film","","","","netflix_film"
"536",2868,2020,"unknown",44,"rotten","netflix_film","","","","netflix_film"
"537",2871,2020,"18+",44,"rotten","netflix_film","","","","netflix_film"
"538",2880,2020,"unknown",44,"rotten","netflix_film","","","","netflix_film"
"539",2891,2020,"7+",43,"rotten","netflix_film","","","","netflix_film"
"540",2895,2020,"unknown",43,"rotten","netflix_film","","","","netflix_film"
"541",2907,2020,"unknown",43,"rotten","netflix_film","","","","netflix_film"
"542",2908,2020,"unknown",43,"rotten","netflix_film","","","","netflix_film"
"543",2911,2020,"unknown",43,"rotten","netflix_film","","","","netflix_film"
"544",2913,2020,"unknown",43,"rotten","netflix_film","","","","netflix_film"
"545",2919,2021,"unknown",43,"rotten","netflix_film","","","","netflix_film"
"546",2923,2020,"unknown",43,"rotten","netflix_film","","","","netflix_film"
"547",2924,2020,"unknown",43,"rotten","netflix_film","","","","netflix_film"
"548",2928,2021,"unknown",43,"rotten","netflix_film","","","","netflix_film"
"549",2929,2020,"unknown",43,"rotten","netflix_film","","","","netflix_film"
"550",2931,2020,"18+",43,"rotten","netflix_film","","","","netflix_film"
"551",2932,2020,"unknown",43,"rotten","netflix_film","","","","netflix_film"
"552",2933,2020,"unknown",43,"rotten","netflix_film","","","","netflix_film"
"553",2941,2021,"unknown",43,"rotten","netflix_film","","","","netflix_film"
"554",2942,2021,"unknown",43,"rotten","netflix_film","","","","netflix_film"
"555",2944,2020,"unknown",43,"rotten","netflix_film","","","","netflix_film"
"556",2951,2020,"unknown",43,"rotten","netflix_film","","","","netflix_film"
"557",2954,2020,"unknown",43,"rotten","netflix_film","","","","netflix_film"
"558",2960,2020,"unknown",43,"rotten","netflix_film","","","","netflix_film"
"559",2965,2021,"unknown",43,"rotten","netflix_film","","","","netflix_film"
"560",2970,2020,"unknown",43,"rotten","netflix_film","","","","netflix_film"
"561",2973,2020,"18+",43,"rotten","netflix_film","","","","netflix_film"
"562",2977,2021,"16+",43,"rotten","netflix_film","","","","netflix_film"
"563",2994,2020,"unknown",42,"rotten","netflix_film","","","","netflix_film"
"564",2999,2020,"unknown",42,"rotten","netflix_film","","","","netflix_film"
"565",3006,2020,"unknown",42,"rotten","netflix_film","","","","netflix_film"
"566",3010,2020,"unknown",42,"rotten","netflix_film","","","","netflix_film"
"567",3015,2021,"unknown",42,"rotten","netflix_film","","","","netflix_film"
"568",3026,2020,"unknown",42,"rotten","netflix_film","","","","netflix_film"
"569",3031,2020,"unknown",42,"rotten","netflix_film","","","","netflix_film"
"570",3032,2020,"18+",42,"rotten","netflix_film","","","","netflix_film"
"571",3033,2020,"unknown",42,"rotten","netflix_film","","","","netflix_film"
"572",3043,2020,"unknown",42,"rotten","netflix_film","","","","netflix_film"
"573",3045,2020,"unknown",42,"rotten","netflix_film","","","","netflix_film"
"574",3063,2020,"unknown",42,"rotten","netflix_film","","","","netflix_film"
"575",3064,2020,"unknown",42,"rotten","netflix_film","","","","netflix_film"
"576",3066,2020,"unknown",42,"rotten","netflix_film","","","","netflix_film"
"577",3075,2020,"13+",41,"rotten","netflix_film","","","","netflix_film"
"578",3078,2020,"unknown",41,"rotten","netflix_film","","","","netflix_film"
"579",3094,2021,"unknown",41,"rotten","netflix_film","","","","netflix_film"
"580",3097,2020,"unknown",41,"rotten","netflix_film","","","","netflix_film"
"581",3104,2020,"unknown",41,"rotten","netflix_film","","","","netflix_film"
"582",3114,2020,"7+",41,"rotten","netflix_film","","","","netflix_film"
"583",3117,2020,"unknown",41,"rotten","netflix_film","","","","netflix_film"
"584",3119,2020,"all",41,"rotten","netflix_film","","","","netflix_film"
"585",3124,2020,"unknown",41,"rotten","netflix_film","","","","netflix_film"
"586",3132,2020,"unknown",41,"rotten","netflix_film","","","","netflix_film"
"587",3133,2020,"unknown",41,"rotten","netflix_film","","","","netflix_film"
"588",3143,2020,"unknown",41,"rotten","netflix_film","","","","netflix_film"
"589",3149,2020,"18+",41,"rotten","netflix_film","","","","netflix_film"
"590",3154,2021,"unknown",41,"rotten","netflix_film","","","","netflix_film"
"591",3173,2020,"unknown",40,"rotten","netflix_film","","","","netflix_film"
"592",3184,2020,"7+",40,"rotten","netflix_film","","","","netflix_film"
"593",3198,2020,"unknown",40,"rotten","netflix_film","","","","netflix_film"
"594",3209,2020,"all",40,"rotten","netflix_film","","","","netflix_film"
"595",3211,2021,"unknown",40,"rotten","netflix_film","","","","netflix_film"
"596",3230,2020,"unknown",40,"rotten","netflix_film","","","","netflix_film"
"597",3231,2020,"unknown",40,"rotten","netflix_film","","","","netflix_film"
"598",3232,2020,"unknown",40,"rotten","netflix_film","","","","netflix_film"
"599",3238,2020,"unknown",40,"rotten","netflix_film","","","","netflix_film"
"600",3239,2021,"unknown",40,"rotten","netflix_film","","","","netflix_film"
"601",3240,2021,"unknown",40,"rotten","netflix_film","","","","netflix_film"
"602",3242,2020,"unknown",40,"rotten","netflix_film","","","","netflix_film"
"603",3244,2020,"unknown",40,"rotten","netflix_film","","","","netflix_film"
"604",3245,2020,"unknown",40,"rotten","netflix_film","","","","netflix_film"
"605",3248,2020,"unknown",40,"rotten","netflix_film","","","","netflix_film"
"606",3253,2020,"all",39,"rotten","netflix_film","","","","netflix_film"
"607",3258,2020,"all",39,"rotten","netflix_film","","","","netflix_film"
"608",3259,2020,"7+",39,"rotten","netflix_film","","","","netflix_film"
"609",3268,2020,"7+",39,"rotten","netflix_film","","","","netflix_film"
"610",3271,2020,"unknown",39,"rotten","netflix_film","","","","netflix_film"
"611",3273,2020,"18+",39,"rotten","netflix_film","","","","netflix_film"
"612",3282,2020,"all",39,"rotten","netflix_film","","prime_video_film","","multi_platform_film"
"613",3283,2020,"unknown",39,"rotten","netflix_film","","","","netflix_film"
"614",3287,2021,"unknown",39,"rotten","netflix_film","","","","netflix_film"
"615",3289,2020,"16+",39,"rotten","netflix_film","","","","netflix_film"
"616",3295,2020,"unknown",39,"rotten","netflix_film","","","","netflix_film"
"617",3312,2020,"unknown",39,"rotten","netflix_film","","","","netflix_film"
"618",3323,2020,"unknown",39,"rotten","netflix_film","","","","netflix_film"
"619",3329,2020,"unknown",39,"rotten","netflix_film","","","","netflix_film"
"620",3330,2020,"all",39,"rotten","netflix_film","","","","netflix_film"
"621",3338,2020,"16+",39,"rotten","netflix_film","","","","netflix_film"
"622",3339,2020,"unknown",39,"rotten","netflix_film","","","","netflix_film"
"623",3346,2020,"7+",38,"rotten","netflix_film","","","","netflix_film"
"624",3350,2020,"unknown",38,"rotten","netflix_film","","","","netflix_film"
"625",3355,2020,"unknown",38,"rotten","netflix_film","","","","netflix_film"
"626",3368,2020,"unknown",38,"rotten","netflix_film","","","","netflix_film"
"627",3379,2020,"unknown",38,"rotten","netflix_film","","","","netflix_film"
"628",3384,2020,"unknown",38,"rotten","netflix_film","","","","netflix_film"
"629",3393,2020,"unknown",38,"rotten","netflix_film","","","","netflix_film"
"630",3406,2020,"unknown",37,"rotten","netflix_film","","","","netflix_film"
"631",3412,2020,"unknown",37,"rotten","netflix_film","","","","netflix_film"
"632",3419,2020,"unknown",37,"rotten","netflix_film","","","","netflix_film"
"633",3436,2020,"unknown",37,"rotten","netflix_film","","","","netflix_film"
"634",3440,2020,"all",37,"rotten","netflix_film","","","","netflix_film"
"635",3441,2020,"unknown",37,"rotten","netflix_film","","","","netflix_film"
"636",3455,2020,"18+",37,"rotten","netflix_film","","","","netflix_film"
"637",3463,2020,"18+",36,"rotten","netflix_film","","","","netflix_film"
"638",3466,2020,"unknown",36,"rotten","netflix_film","","","","netflix_film"
"639",3468,2021,"18+",36,"rotten","netflix_film","","","","netflix_film"
"640",3488,2020,"unknown",36,"rotten","netflix_film","","","","netflix_film"
"641",3491,2020,"unknown",36,"rotten","netflix_film","","","","netflix_film"
"642",3493,2020,"unknown",36,"rotten","netflix_film","","","","netflix_film"
"643",3509,2020,"unknown",36,"rotten","netflix_film","","","","netflix_film"
"644",3510,2020,"unknown",36,"rotten","netflix_film","","","","netflix_film"
"645",3514,2020,"unknown",35,"rotten","netflix_film","","","","netflix_film"
"646",3529,2020,"unknown",35,"rotten","netflix_film","","","","netflix_film"
"647",3530,2020,"unknown",35,"rotten","netflix_film","","","","netflix_film"
"648",3540,2020,"unknown",35,"rotten","netflix_film","","","","netflix_film"
"649",3560,2020,"unknown",34,"rotten","netflix_film","","","","netflix_film"
"650",3568,2020,"unknown",34,"rotten","netflix_film","","","","netflix_film"
"651",3572,2020,"unknown",34,"rotten","netflix_film","","","","netflix_film"
"652",3574,2021,"unknown",34,"rotten","netflix_film","","","","netflix_film"
"653",3581,2020,"unknown",34,"rotten","netflix_film","","","","netflix_film"
"654",3590,2020,"unknown",33,"rotten","netflix_film","","","","netflix_film"
"655",3593,2020,"unknown",33,"rotten","netflix_film","","","","netflix_film"
"656",3601,2020,"unknown",33,"rotten","netflix_film","","","","netflix_film"
"657",3602,2020,"unknown",32,"rotten","netflix_film","","","","netflix_film"
"658",3607,2020,"unknown",32,"rotten","netflix_film","","","","netflix_film"
"659",3617,2020,"unknown",31,"rotten","netflix_film","","","","netflix_film"
"660",3632,2021,"13+",24,"rotten","netflix_film","","","","netflix_film"
"661",3633,2021,"unknown",23,"rotten","netflix_film","","","","netflix_film"
"662",3634,2021,"unknown",21,"rotten","netflix_film","","","","netflix_film"
"663",3635,2021,"18+",20,"rotten","netflix_film","","","","netflix_film"
"664",3636,2020,"unknown",17,"rotten","netflix_film","","","","netflix_film"
"665",3637,2020,"unknown",17,"rotten","netflix_film","","","","netflix_film"
"666",3638,2021,"unknown",16,"rotten","netflix_film","","","","netflix_film"
"667",3639,2021,"unknown",15,"rotten","netflix_film","","","","netflix_film"
"668",3641,2020,"unknown",15,"rotten","netflix_film","","","","netflix_film"
"669",3644,2020,"7+",15,"rotten","netflix_film","","","","netflix_film"
"670",3645,2020,"unknown",14,"rotten","netflix_film","","","","netflix_film"
"671",3651,2020,"unknown",13,"rotten","netflix_film","","","","netflix_film"
"672",3660,2021,"unknown",12,"rotten","netflix_film","","","","netflix_film"
"673",3661,2020,"unknown",12,"rotten","netflix_film","","","","netflix_film"
"674",3670,2020,"unknown",12,"rotten","netflix_film","","","","netflix_film"
"675",3673,2020,"unknown",12,"rotten","netflix_film","","","","netflix_film"
"676",3681,2020,"unknown",10,"rotten","netflix_film","","","","netflix_film"
"677",3688,2020,"unknown",10,"rotten","netflix_film","","","","netflix_film"
"678",3713,2020,"13+",83,"certified_fresh","","hulu_film","",""," hulu_film"
"679",3719,2020,"18+",83,"certified_fresh","","hulu_film","",""," hulu_film"
"680",3738,2020,"18+",80,"certified_fresh","","hulu_film","",""," hulu_film"
"681",3742,2020,"18+",79,"certified_fresh","","hulu_film","",""," hulu_film"
"682",3746,2020,"unknown",79,"certified_fresh","","hulu_film","",""," hulu_film"
"683",3750,2021,"18+",79,"certified_fresh","","hulu_film","",""," hulu_film"
"684",3798,2021,"18+",75,"certified_fresh","","hulu_film","",""," hulu_film"
"685",3809,2020,"13+",74,"fresh","","hulu_film","",""," hulu_film"
"686",3814,2020,"unknown",74,"fresh","","hulu_film","",""," hulu_film"
"687",3824,2020,"7+",73,"fresh","","hulu_film","",""," hulu_film"
"688",3836,2021,"13+",73,"fresh","","hulu_film","",""," hulu_film"
"689",3850,2020,"7+",72,"fresh","","hulu_film","",""," hulu_film"
"690",3859,2021,"13+",72,"fresh","","hulu_film","",""," hulu_film"
"691",3877,2021,"unknown",71,"fresh","","hulu_film","",""," hulu_film"
"692",3896,2020,"18+",70,"fresh","","hulu_film","",""," hulu_film"
"693",3907,2021,"18+",70,"fresh","","hulu_film","",""," hulu_film"
"694",3916,2020,"18+",70,"fresh","","hulu_film","",""," hulu_film"
"695",3930,2021,"18+",69,"fresh","","hulu_film","",""," hulu_film"
"696",3931,2020,"7+",69,"fresh","","hulu_film","",""," hulu_film"
"697",3941,2020,"unknown",68,"fresh","","hulu_film","",""," hulu_film"
"698",3944,2021,"13+",68,"fresh","","hulu_film","",""," hulu_film"
"699",3960,2020,"18+",67,"fresh","","hulu_film","",""," hulu_film"
"700",3968,2020,"18+",67,"fresh","","hulu_film","",""," hulu_film"
"701",3969,2020,"13+",67,"fresh","","hulu_film","",""," hulu_film"
"702",3977,2020,"unknown",67,"fresh","","hulu_film","",""," hulu_film"
"703",3979,2021,"18+",67,"fresh","","hulu_film","",""," hulu_film"
"704",3987,2020,"18+",66,"fresh","","hulu_film","",""," hulu_film"
"705",3992,2020,"18+",66,"fresh","","hulu_film","",""," hulu_film"
"706",3994,2020,"18+",66,"fresh","","hulu_film","",""," hulu_film"
"707",4026,2020,"18+",65,"fresh","","hulu_film","",""," hulu_film"
"708",4034,2020,"13+",65,"fresh","","hulu_film","",""," hulu_film"
"709",4041,2020,"unknown",65,"fresh","","hulu_film","",""," hulu_film"
"710",4043,2021,"18+",65,"fresh","","hulu_film","",""," hulu_film"
"711",4045,2021,"18+",65,"fresh","","hulu_film","",""," hulu_film"
"712",4053,2020,"18+",64,"fresh","","hulu_film","",""," hulu_film"
"713",4055,2020,"18+",64,"fresh","","hulu_film","",""," hulu_film"
"714",4065,2020,"7+",64,"fresh","","hulu_film","",""," hulu_film"
"715",4068,2021,"13+",64,"fresh","","hulu_film","",""," hulu_film"
"716",4078,2021,"16+",64,"fresh","","hulu_film","",""," hulu_film"
"717",4079,2020,"18+",64,"fresh","","hulu_film","",""," hulu_film"
"718",4086,2020,"16+",64,"fresh","","hulu_film","",""," hulu_film"
"719",4096,2021,"16+",63,"fresh","","hulu_film","",""," hulu_film"
"720",4101,2021,"13+",63,"fresh","","hulu_film","",""," hulu_film"
"721",4107,2020,"18+",63,"fresh","","hulu_film","",""," hulu_film"
"722",4120,2020,"18+",63,"fresh","","hulu_film","",""," hulu_film"
"723",4121,2020,"16+",63,"fresh","","hulu_film","",""," hulu_film"
"724",4126,2020,"unknown",62,"fresh","","hulu_film","",""," hulu_film"
"725",4128,2020,"unknown",62,"fresh","","hulu_film","",""," hulu_film"
"726",4135,2020,"16+",62,"fresh","","hulu_film","",""," hulu_film"
"727",4138,2020,"unknown",62,"fresh","","hulu_film","",""," hulu_film"
"728",4143,2020,"18+",62,"fresh","","hulu_film","",""," hulu_film"
"729",4145,2021,"7+",62,"fresh","","hulu_film","",""," hulu_film"
"730",4154,2021,"13+",62,"fresh","","hulu_film","",""," hulu_film"
"731",4165,2020,"18+",61,"fresh","","hulu_film","",""," hulu_film"
"732",4168,2021,"unknown",61,"fresh","","hulu_film","",""," hulu_film"
"733",4169,2020,"unknown",61,"fresh","","hulu_film","",""," hulu_film"
"734",4170,2020,"unknown",61,"fresh","","hulu_film","",""," hulu_film"
"735",4171,2021,"13+",61,"fresh","","hulu_film","",""," hulu_film"
"736",4182,2020,"13+",61,"fresh","","hulu_film","",""," hulu_film"
"737",4183,2020,"18+",61,"fresh","","hulu_film","",""," hulu_film"
"738",4185,2020,"unknown",60,"fresh","","hulu_film","",""," hulu_film"
"739",4189,2020,"unknown",60,"fresh","","hulu_film","",""," hulu_film"
"740",4199,2020,"18+",60,"fresh","","hulu_film","",""," hulu_film"
"741",4200,2020,"7+",60,"fresh","","hulu_film","",""," hulu_film"
"742",4201,2020,"unknown",60,"fresh","","hulu_film","",""," hulu_film"
"743",4211,2020,"13+",60,"fresh","","hulu_film","",""," hulu_film"
"744",4219,2020,"unknown",59,"rotten","","hulu_film","",""," hulu_film"
"745",4224,2020,"13+",59,"rotten","","hulu_film","",""," hulu_film"
"746",4226,2020,"18+",59,"rotten","","hulu_film","",""," hulu_film"
"747",4227,2020,"7+",59,"rotten","","hulu_film","",""," hulu_film"
"748",4231,2021,"18+",59,"rotten","","hulu_film","",""," hulu_film"
"749",4233,2020,"unknown",59,"rotten","","hulu_film","prime_video_film","","multi_platform_film"
"750",4236,2021,"18+",59,"rotten","","hulu_film","",""," hulu_film"
"751",4239,2020,"18+",59,"rotten","","hulu_film","",""," hulu_film"
"752",4249,2020,"18+",58,"rotten","","hulu_film","",""," hulu_film"
"753",4250,2021,"unknown",58,"rotten","","hulu_film","",""," hulu_film"
"754",4252,2020,"unknown",58,"rotten","","hulu_film","",""," hulu_film"
"755",4254,2020,"13+",58,"rotten","","hulu_film","",""," hulu_film"
"756",4264,2020,"unknown",58,"rotten","","hulu_film","",""," hulu_film"
"757",4275,2020,"18+",58,"rotten","","hulu_film","",""," hulu_film"
"758",4278,2020,"18+",58,"rotten","","hulu_film","",""," hulu_film"
"759",4282,2021,"unknown",58,"rotten","","hulu_film","",""," hulu_film"
"760",4283,2020,"unknown",58,"rotten","","hulu_film","",""," hulu_film"
"761",4296,2020,"18+",57,"rotten","","hulu_film","",""," hulu_film"
"762",4300,2021,"18+",57,"rotten","","hulu_film","",""," hulu_film"
"763",4303,2020,"13+",57,"rotten","","hulu_film","",""," hulu_film"
"764",4308,2020,"13+",57,"rotten","","hulu_film","",""," hulu_film"
"765",4313,2020,"18+",57,"rotten","","hulu_film","",""," hulu_film"
"766",4340,2020,"unknown",56,"rotten","","hulu_film","",""," hulu_film"
"767",4342,2020,"18+",56,"rotten","","hulu_film","",""," hulu_film"
"768",4350,2021,"18+",56,"rotten","","hulu_film","",""," hulu_film"
"769",4355,2020,"unknown",55,"rotten","","hulu_film","",""," hulu_film"
"770",4358,2020,"18+",55,"rotten","","hulu_film","",""," hulu_film"
"771",4368,2020,"18+",55,"rotten","","hulu_film","",""," hulu_film"
"772",4375,2020,"unknown",55,"rotten","","hulu_film","",""," hulu_film"
"773",4380,2020,"18+",55,"rotten","","hulu_film","",""," hulu_film"
"774",4382,2020,"18+",55,"rotten","","hulu_film","",""," hulu_film"
"775",4386,2020,"18+",55,"rotten","","hulu_film","",""," hulu_film"
"776",4390,2020,"unknown",54,"rotten","","hulu_film","",""," hulu_film"
"777",4401,2021,"18+",54,"rotten","","hulu_film","",""," hulu_film"
"778",4417,2020,"18+",53,"rotten","","hulu_film","",""," hulu_film"
"779",4429,2020,"unknown",53,"rotten","","hulu_film","",""," hulu_film"
"780",4431,2020,"18+",53,"rotten","","hulu_film","",""," hulu_film"
"781",4432,2020,"18+",53,"rotten","","hulu_film","",""," hulu_film"
"782",4433,2020,"unknown",53,"rotten","","hulu_film","",""," hulu_film"
"783",4437,2020,"unknown",53,"rotten","","hulu_film","",""," hulu_film"
"784",4438,2021,"18+",53,"rotten","","hulu_film","",""," hulu_film"
"785",4442,2020,"unknown",53,"rotten","","hulu_film","",""," hulu_film"
"786",4449,2020,"unknown",52,"rotten","","hulu_film","",""," hulu_film"
"787",4452,2020,"unknown",52,"rotten","","hulu_film","",""," hulu_film"
"788",4455,2020,"unknown",52,"rotten","","hulu_film","",""," hulu_film"
"789",4470,2020,"18+",52,"rotten","","hulu_film","",""," hulu_film"
"790",4473,2021,"unknown",52,"rotten","","hulu_film","",""," hulu_film"
"791",4477,2021,"18+",51,"rotten","","hulu_film","",""," hulu_film"
"792",4484,2020,"18+",51,"rotten","","hulu_film","",""," hulu_film"
"793",4486,2021,"18+",51,"rotten","","hulu_film","",""," hulu_film"
"794",4491,2021,"13+",51,"rotten","","hulu_film","",""," hulu_film"
"795",4501,2020,"unknown",51,"rotten","","hulu_film","",""," hulu_film"
"796",4520,2020,"unknown",50,"rotten","","hulu_film","",""," hulu_film"
"797",4536,2020,"unknown",49,"rotten","","hulu_film","",""," hulu_film"
"798",4537,2020,"unknown",49,"rotten","","hulu_film","",""," hulu_film"
"799",4542,2020,"unknown",49,"rotten","","hulu_film","",""," hulu_film"
"800",4551,2020,"unknown",48,"rotten","","hulu_film","",""," hulu_film"
"801",4552,2020,"unknown",48,"rotten","","hulu_film","",""," hulu_film"
"802",4554,2020,"unknown",48,"rotten","","hulu_film","",""," hulu_film"
"803",4558,2021,"7+",48,"rotten","","hulu_film","",""," hulu_film"
"804",4571,2020,"unknown",47,"rotten","","hulu_film","",""," hulu_film"
"805",4573,2020,"unknown",47,"rotten","","hulu_film","",""," hulu_film"
"806",4576,2021,"unknown",47,"rotten","","hulu_film","",""," hulu_film"
"807",4580,2021,"unknown",47,"rotten","","hulu_film","",""," hulu_film"
"808",4584,2020,"unknown",47,"rotten","","hulu_film","",""," hulu_film"
"809",4585,2020,"unknown",47,"rotten","","hulu_film","",""," hulu_film"
"810",4589,2020,"unknown",46,"rotten","","hulu_film","",""," hulu_film"
"811",4592,2020,"18+",46,"rotten","","hulu_film","",""," hulu_film"
"812",4597,2020,"unknown",46,"rotten","","hulu_film","",""," hulu_film"
"813",4604,2020,"unknown",46,"rotten","","hulu_film","",""," hulu_film"
"814",4611,2020,"13+",45,"rotten","","hulu_film","",""," hulu_film"
"815",4625,2020,"unknown",44,"rotten","","hulu_film","",""," hulu_film"
"816",4626,2021,"13+",44,"rotten","","hulu_film","",""," hulu_film"
"817",4627,2020,"18+",44,"rotten","","hulu_film","",""," hulu_film"
"818",4628,2020,"unknown",44,"rotten","","hulu_film","",""," hulu_film"
"819",4630,2020,"unknown",44,"rotten","","hulu_film","",""," hulu_film"
"820",4634,2020,"unknown",44,"rotten","","hulu_film","",""," hulu_film"
"821",4635,2021,"18+",44,"rotten","","hulu_film","",""," hulu_film"
"822",4645,2020,"unknown",43,"rotten","","hulu_film","",""," hulu_film"
"823",4663,2020,"unknown",42,"rotten","","hulu_film","",""," hulu_film"
"824",4666,2021,"unknown",41,"rotten","","hulu_film","",""," hulu_film"
"825",4679,2020,"unknown",39,"rotten","","hulu_film","",""," hulu_film"
"826",4685,2020,"unknown",39,"rotten","","hulu_film","",""," hulu_film"
"827",4699,2020,"unknown",20,"rotten","","hulu_film","",""," hulu_film"
"828",4700,2020,"unknown",15,"rotten","","hulu_film","",""," hulu_film"
"829",4711,2020,"18+",88,"certified_fresh","","","prime_video_film","","  prime_video_film"
"830",4715,2021,"18+",86,"certified_fresh","","","prime_video_film","","  prime_video_film"
"831",4732,2020,"unknown",82,"certified_fresh","","","prime_video_film","","  prime_video_film"
"832",4738,2021,"13+",81,"certified_fresh","","","prime_video_film","","  prime_video_film"
"833",4746,2020,"18+",80,"certified_fresh","","","prime_video_film","","  prime_video_film"
"834",4762,2020,"13+",78,"certified_fresh","","","prime_video_film","","  prime_video_film"
"835",4779,2020,"13+",76,"certified_fresh","","","prime_video_film","","  prime_video_film"
"836",4821,2020,"13+",74,"fresh","","","prime_video_film","","  prime_video_film"
"837",4823,2021,"18+",74,"fresh","","","prime_video_film","","  prime_video_film"
"838",4825,2020,"18+",74,"fresh","","","prime_video_film","","  prime_video_film"
"839",4831,2020,"13+",73,"fresh","","","prime_video_film","","  prime_video_film"
"840",4859,2020,"18+",72,"fresh","","","prime_video_film","","  prime_video_film"
"841",4863,2020,"13+",72,"fresh","","","prime_video_film","","  prime_video_film"
"842",4865,2020,"13+",72,"fresh","","","prime_video_film","","  prime_video_film"
"843",4922,2021,"13+",70,"fresh","","","prime_video_film","","  prime_video_film"
"844",4931,2020,"all",69,"fresh","","","prime_video_film","","  prime_video_film"
"845",4941,2021,"13+",69,"fresh","","","prime_video_film","","  prime_video_film"
"846",4963,2020,"18+",69,"fresh","","","prime_video_film","","  prime_video_film"
"847",4969,2021,"18+",69,"fresh","","","prime_video_film","","  prime_video_film"
"848",4981,2020,"13+",68,"fresh","","","prime_video_film","","  prime_video_film"
"849",4996,2020,"18+",68,"fresh","","","prime_video_film","","  prime_video_film"
"850",5014,2020,"unknown",67,"fresh","","","prime_video_film","","  prime_video_film"
"851",5037,2021,"18+",67,"fresh","","","prime_video_film","","  prime_video_film"
"852",5057,2020,"18+",66,"fresh","","","prime_video_film","","  prime_video_film"
"853",5079,2020,"13+",66,"fresh","","","prime_video_film","","  prime_video_film"
"854",5128,2020,"unknown",65,"fresh","","","prime_video_film","","  prime_video_film"
"855",5131,2020,"13+",65,"fresh","","","prime_video_film","","  prime_video_film"
"856",5132,2020,"18+",65,"fresh","","","prime_video_film","","  prime_video_film"
"857",5142,2020,"18+",65,"fresh","","","prime_video_film","","  prime_video_film"
"858",5176,2020,"7+",64,"fresh","","","prime_video_film","","  prime_video_film"
"859",5178,2020,"18+",64,"fresh","","","prime_video_film","","  prime_video_film"
"860",5212,2020,"18+",64,"fresh","","","prime_video_film","","  prime_video_film"
"861",5226,2020,"18+",63,"fresh","","","prime_video_film","","  prime_video_film"
"862",5328,2020,"18+",61,"fresh","","","prime_video_film","","  prime_video_film"
"863",5334,2021,"unknown",61,"fresh","","","prime_video_film","","  prime_video_film"
"864",5352,2020,"18+",61,"fresh","","","prime_video_film","","  prime_video_film"
"865",5361,2020,"unknown",61,"fresh","","","prime_video_film","","  prime_video_film"
"866",5373,2020,"unknown",61,"fresh","","","prime_video_film","","  prime_video_film"
"867",5377,2020,"16+",61,"fresh","","","prime_video_film","","  prime_video_film"
"868",5406,2020,"unknown",60,"fresh","","","prime_video_film","","  prime_video_film"
"869",5414,2020,"18+",60,"fresh","","","prime_video_film","","  prime_video_film"
"870",5447,2020,"unknown",60,"fresh","","","prime_video_film","","  prime_video_film"
"871",5454,2020,"18+",60,"fresh","","","prime_video_film","","  prime_video_film"
"872",5456,2020,"unknown",60,"fresh","","","prime_video_film","","  prime_video_film"
"873",5471,2020,"unknown",60,"fresh","","","prime_video_film","","  prime_video_film"
"874",5504,2021,"18+",59,"rotten","","","prime_video_film","","  prime_video_film"
"875",5512,2021,"unknown",59,"rotten","","","prime_video_film","","  prime_video_film"
"876",5515,2020,"18+",59,"rotten","","","prime_video_film","","  prime_video_film"
"877",5535,2020,"18+",59,"rotten","","","prime_video_film","","  prime_video_film"
"878",5541,2020,"unknown",59,"rotten","","","prime_video_film","","  prime_video_film"
"879",5597,2020,"7+",58,"rotten","","","prime_video_film","","  prime_video_film"
"880",5632,2020,"16+",58,"rotten","","","prime_video_film","","  prime_video_film"
"881",5633,2020,"18+",58,"rotten","","","prime_video_film","","  prime_video_film"
"882",5637,2020,"unknown",58,"rotten","","","prime_video_film","","  prime_video_film"
"883",5681,2021,"18+",57,"rotten","","","prime_video_film","","  prime_video_film"
"884",5728,2021,"18+",57,"rotten","","","prime_video_film","","  prime_video_film"
"885",5739,2021,"unknown",57,"rotten","","","prime_video_film","","  prime_video_film"
"886",5741,2020,"7+",57,"rotten","","","prime_video_film","","  prime_video_film"
"887",5751,2020,"unknown",57,"rotten","","","prime_video_film","","  prime_video_film"
"888",5765,2020,"unknown",56,"rotten","","","prime_video_film","","  prime_video_film"
"889",5773,2020,"13+",56,"rotten","","","prime_video_film","","  prime_video_film"
"890",5831,2020,"unknown",56,"rotten","","","prime_video_film","","  prime_video_film"
"891",5835,2020,"18+",56,"rotten","","","prime_video_film","","  prime_video_film"
"892",5868,2020,"7+",55,"rotten","","","prime_video_film","","  prime_video_film"
"893",5870,2021,"unknown",55,"rotten","","","prime_video_film","","  prime_video_film"
"894",5874,2020,"18+",55,"rotten","","","prime_video_film","","  prime_video_film"
"895",5922,2020,"18+",55,"rotten","","","prime_video_film","","  prime_video_film"
"896",5950,2020,"unknown",54,"rotten","","","prime_video_film","","  prime_video_film"
"897",5963,2020,"unknown",54,"rotten","","","prime_video_film","","  prime_video_film"
"898",5965,2021,"13+",54,"rotten","","","prime_video_film","","  prime_video_film"
"899",5968,2020,"unknown",54,"rotten","","","prime_video_film","","  prime_video_film"
"900",5970,2020,"18+",54,"rotten","","","prime_video_film","","  prime_video_film"
"901",5981,2020,"18+",54,"rotten","","","prime_video_film","","  prime_video_film"
"902",5997,2021,"unknown",54,"rotten","","","prime_video_film","","  prime_video_film"
"903",6000,2021,"unknown",54,"rotten","","","prime_video_film","","  prime_video_film"
"904",6036,2020,"18+",54,"rotten","","","prime_video_film","","  prime_video_film"
"905",6042,2021,"unknown",53,"rotten","","","prime_video_film","","  prime_video_film"
"906",6046,2020,"unknown",53,"rotten","","","prime_video_film","","  prime_video_film"
"907",6053,2021,"unknown",53,"rotten","","","prime_video_film","","  prime_video_film"
"908",6061,2020,"18+",53,"rotten","","","prime_video_film","","  prime_video_film"
"909",6064,2020,"unknown",53,"rotten","","","prime_video_film","","  prime_video_film"
"910",6067,2020,"18+",53,"rotten","","","prime_video_film","","  prime_video_film"
"911",6112,2021,"unknown",53,"rotten","","","prime_video_film","","  prime_video_film"
"912",6114,2020,"7+",53,"rotten","","","prime_video_film","","  prime_video_film"
"913",6128,2020,"16+",53,"rotten","","","prime_video_film","","  prime_video_film"
"914",6167,2020,"unknown",52,"rotten","","","prime_video_film","","  prime_video_film"
"915",6187,2020,"13+",52,"rotten","","","prime_video_film","","  prime_video_film"
"916",6189,2020,"unknown",52,"rotten","","","prime_video_film","","  prime_video_film"
"917",6190,2020,"unknown",52,"rotten","","","prime_video_film","","  prime_video_film"
"918",6204,2020,"7+",52,"rotten","","","prime_video_film","","  prime_video_film"
"919",6216,2020,"unknown",52,"rotten","","","prime_video_film","","  prime_video_film"
"920",6222,2020,"unknown",52,"rotten","","","prime_video_film","","  prime_video_film"
"921",6235,2020,"unknown",52,"rotten","","","prime_video_film","","  prime_video_film"
"922",6268,2020,"7+",51,"rotten","","","prime_video_film","","  prime_video_film"
"923",6310,2020,"18+",51,"rotten","","","prime_video_film","","  prime_video_film"
"924",6312,2020,"unknown",51,"rotten","","","prime_video_film","","  prime_video_film"
"925",6320,2020,"unknown",51,"rotten","","","prime_video_film","","  prime_video_film"
"926",6371,2020,"7+",50,"rotten","","","prime_video_film","","  prime_video_film"
"927",6381,2020,"unknown",50,"rotten","","","prime_video_film","","  prime_video_film"
"928",6396,2020,"18+",50,"rotten","","","prime_video_film","","  prime_video_film"
"929",6405,2021,"unknown",50,"rotten","","","prime_video_film","","  prime_video_film"
"930",6406,2020,"unknown",50,"rotten","","","prime_video_film","","  prime_video_film"
"931",6421,2021,"unknown",50,"rotten","","","prime_video_film","","  prime_video_film"
"932",6441,2021,"unknown",50,"rotten","","","prime_video_film","","  prime_video_film"
"933",6444,2020,"13+",50,"rotten","","","prime_video_film","","  prime_video_film"
"934",6461,2021,"unknown",50,"rotten","","","prime_video_film","","  prime_video_film"
"935",6468,2020,"unknown",50,"rotten","","","prime_video_film","","  prime_video_film"
"936",6471,2020,"18+",50,"rotten","","","prime_video_film","","  prime_video_film"
"937",6489,2021,"unknown",49,"rotten","","","prime_video_film","","  prime_video_film"
"938",6493,2020,"unknown",49,"rotten","","","prime_video_film","","  prime_video_film"
"939",6497,2020,"unknown",49,"rotten","","","prime_video_film","","  prime_video_film"
"940",6561,2020,"16+",49,"rotten","","","prime_video_film","","  prime_video_film"
"941",6565,2020,"unknown",49,"rotten","","","prime_video_film","","  prime_video_film"
"942",6568,2020,"unknown",49,"rotten","","","prime_video_film","","  prime_video_film"
"943",6592,2020,"unknown",49,"rotten","","","prime_video_film","","  prime_video_film"
"944",6613,2020,"16+",48,"rotten","","","prime_video_film","","  prime_video_film"
"945",6635,2020,"unknown",48,"rotten","","","prime_video_film","","  prime_video_film"
"946",6660,2020,"unknown",48,"rotten","","","prime_video_film","","  prime_video_film"
"947",6662,2020,"18+",48,"rotten","","","prime_video_film","","  prime_video_film"
"948",6667,2020,"unknown",48,"rotten","","","prime_video_film","","  prime_video_film"
"949",6672,2020,"7+",48,"rotten","","","prime_video_film","","  prime_video_film"
"950",6690,2021,"unknown",48,"rotten","","","prime_video_film","","  prime_video_film"
"951",6699,2021,"unknown",48,"rotten","","","prime_video_film","","  prime_video_film"
"952",6725,2021,"unknown",48,"rotten","","","prime_video_film","","  prime_video_film"
"953",6807,2021,"unknown",47,"rotten","","","prime_video_film","","  prime_video_film"
"954",6812,2020,"unknown",47,"rotten","","","prime_video_film","","  prime_video_film"
"955",6824,2020,"unknown",47,"rotten","","","prime_video_film","","  prime_video_film"
"956",6846,2020,"unknown",47,"rotten","","","prime_video_film","","  prime_video_film"
"957",6879,2020,"7+",47,"rotten","","","prime_video_film","","  prime_video_film"
"958",6888,2021,"13+",46,"rotten","","","prime_video_film","","  prime_video_film"
"959",6891,2020,"unknown",46,"rotten","","","prime_video_film","","  prime_video_film"
"960",6894,2021,"unknown",46,"rotten","","","prime_video_film","","  prime_video_film"
"961",6902,2020,"unknown",46,"rotten","","","prime_video_film","","  prime_video_film"
"962",6905,2021,"unknown",46,"rotten","","","prime_video_film","","  prime_video_film"
"963",6913,2020,"unknown",46,"rotten","","","prime_video_film","","  prime_video_film"
"964",6930,2021,"unknown",46,"rotten","","","prime_video_film","","  prime_video_film"
"965",6944,2020,"unknown",46,"rotten","","","prime_video_film","","  prime_video_film"
"966",6991,2021,"18+",46,"rotten","","","prime_video_film","","  prime_video_film"
"967",7012,2021,"unknown",46,"rotten","","","prime_video_film","","  prime_video_film"
"968",7016,2020,"unknown",46,"rotten","","","prime_video_film","","  prime_video_film"
"969",7040,2020,"unknown",45,"rotten","","","prime_video_film","","  prime_video_film"
"970",7045,2020,"unknown",45,"rotten","","","prime_video_film","","  prime_video_film"
"971",7050,2020,"unknown",45,"rotten","","","prime_video_film","","  prime_video_film"
"972",7055,2020,"13+",45,"rotten","","","prime_video_film","","  prime_video_film"
"973",7063,2020,"unknown",45,"rotten","","","prime_video_film","","  prime_video_film"
"974",7066,2020,"unknown",45,"rotten","","","prime_video_film","","  prime_video_film"
"975",7067,2020,"unknown",45,"rotten","","","prime_video_film","","  prime_video_film"
"976",7081,2021,"unknown",45,"rotten","","","prime_video_film","","  prime_video_film"
"977",7082,2021,"unknown",45,"rotten","","","prime_video_film","","  prime_video_film"
"978",7107,2020,"unknown",45,"rotten","","","prime_video_film","","  prime_video_film"
"979",7110,2020,"unknown",45,"rotten","","","prime_video_film","","  prime_video_film"
"980",7114,2020,"unknown",45,"rotten","","","prime_video_film","","  prime_video_film"
"981",7116,2020,"7+",45,"rotten","","","prime_video_film","","  prime_video_film"
"982",7151,2020,"unknown",45,"rotten","","","prime_video_film","","  prime_video_film"
"983",7172,2020,"unknown",44,"rotten","","","prime_video_film","","  prime_video_film"
"984",7174,2021,"unknown",44,"rotten","","","prime_video_film","","  prime_video_film"
"985",7254,2020,"unknown",44,"rotten","","","prime_video_film","","  prime_video_film"
"986",7281,2021,"unknown",44,"rotten","","","prime_video_film","","  prime_video_film"
"987",7294,2020,"18+",44,"rotten","","","prime_video_film","","  prime_video_film"
"988",7320,2020,"unknown",44,"rotten","","","prime_video_film","","  prime_video_film"
"989",7336,2021,"unknown",44,"rotten","","","prime_video_film","","  prime_video_film"
"990",7337,2021,"unknown",44,"rotten","","","prime_video_film","","  prime_video_film"
"991",7338,2021,"unknown",43,"rotten","","","prime_video_film","","  prime_video_film"
"992",7349,2020,"7+",43,"rotten","","","prime_video_film","","  prime_video_film"
"993",7357,2020,"unknown",43,"rotten","","","prime_video_film","","  prime_video_film"
"994",7373,2021,"unknown",43,"rotten","","","prime_video_film","","  prime_video_film"
"995",7395,2020,"7+",43,"rotten","","","prime_video_film","","  prime_video_film"
"996",7400,2021,"unknown",43,"rotten","","","prime_video_film","","  prime_video_film"
"997",7425,2020,"18+",43,"rotten","","","prime_video_film","","  prime_video_film"
"998",7427,2020,"unknown",43,"rotten","","","prime_video_film","","  prime_video_film"
"999",7443,2020,"unknown",43,"rotten","","","prime_video_film","","  prime_video_film"
"1000",7452,2020,"7+",43,"rotten","","","prime_video_film","","  prime_video_film"
"1001",7453,2020,"unknown",43,"rotten","","","prime_video_film","","  prime_video_film"
"1002",7461,2020,"16+",43,"rotten","","","prime_video_film","","  prime_video_film"
"1003",7466,2020,"unknown",43,"rotten","","","prime_video_film","","  prime_video_film"
"1004",7472,2020,"unknown",43,"rotten","","","prime_video_film","","  prime_video_film"
"1005",7484,2020,"unknown",43,"rotten","","","prime_video_film","","  prime_video_film"
"1006",7489,2020,"18+",43,"rotten","","","prime_video_film","","  prime_video_film"
"1007",7494,2020,"18+",43,"rotten","","","prime_video_film","","  prime_video_film"
"1008",7497,2020,"unknown",43,"rotten","","","prime_video_film","","  prime_video_film"
"1009",7529,2020,"7+",42,"rotten","","","prime_video_film","","  prime_video_film"
"1010",7541,2021,"unknown",42,"rotten","","","prime_video_film","","  prime_video_film"
"1011",7552,2021,"unknown",42,"rotten","","","prime_video_film","","  prime_video_film"
"1012",7560,2021,"unknown",42,"rotten","","","prime_video_film","","  prime_video_film"
"1013",7589,2020,"7+",42,"rotten","","","prime_video_film","","  prime_video_film"
"1014",7612,2020,"13+",42,"rotten","","","prime_video_film","","  prime_video_film"
"1015",7614,2020,"unknown",42,"rotten","","","prime_video_film","","  prime_video_film"
"1016",7620,2020,"7+",42,"rotten","","","prime_video_film","","  prime_video_film"
"1017",7625,2020,"unknown",42,"rotten","","","prime_video_film","","  prime_video_film"
"1018",7630,2020,"7+",42,"rotten","","","prime_video_film","","  prime_video_film"
"1019",7640,2020,"unknown",42,"rotten","","","prime_video_film","","  prime_video_film"
"1020",7647,2020,"18+",42,"rotten","","","prime_video_film","","  prime_video_film"
"1021",7655,2020,"unknown",42,"rotten","","","prime_video_film","","  prime_video_film"
"1022",7666,2020,"16+",42,"rotten","","","prime_video_film","","  prime_video_film"
"1023",7678,2020,"unknown",41,"rotten","","","prime_video_film","","  prime_video_film"
"1024",7683,2020,"unknown",41,"rotten","","","prime_video_film","","  prime_video_film"
"1025",7707,2020,"13+",41,"rotten","","","prime_video_film","","  prime_video_film"
"1026",7713,2021,"18+",41,"rotten","","","prime_video_film","","  prime_video_film"
"1027",7721,2020,"18+",41,"rotten","","","prime_video_film","","  prime_video_film"
"1028",7793,2020,"unknown",41,"rotten","","","prime_video_film","","  prime_video_film"
"1029",7814,2020,"unknown",41,"rotten","","","prime_video_film","","  prime_video_film"
"1030",7822,2021,"unknown",41,"rotten","","","prime_video_film","","  prime_video_film"
"1031",7832,2020,"unknown",41,"rotten","","","prime_video_film","","  prime_video_film"
"1032",7842,2020,"7+",40,"rotten","","","prime_video_film","","  prime_video_film"
"1033",7843,2021,"unknown",40,"rotten","","","prime_video_film","","  prime_video_film"
"1034",7855,2020,"unknown",40,"rotten","","","prime_video_film","","  prime_video_film"
"1035",7860,2021,"unknown",40,"rotten","","","prime_video_film","","  prime_video_film"
"1036",7882,2020,"unknown",40,"rotten","","","prime_video_film","","  prime_video_film"
"1037",7905,2020,"7+",40,"rotten","","","prime_video_film","","  prime_video_film"
"1038",7907,2020,"unknown",40,"rotten","","","prime_video_film","","  prime_video_film"
"1039",7913,2020,"18+",40,"rotten","","","prime_video_film","","  prime_video_film"
"1040",7925,2020,"unknown",40,"rotten","","","prime_video_film","","  prime_video_film"
"1041",7937,2020,"unknown",40,"rotten","","","prime_video_film","","  prime_video_film"
"1042",7964,2020,"unknown",40,"rotten","","","prime_video_film","","  prime_video_film"
"1043",7997,2020,"unknown",39,"rotten","","","prime_video_film","","  prime_video_film"
"1044",8000,2020,"16+",39,"rotten","","","prime_video_film","","  prime_video_film"
"1045",8010,2020,"unknown",39,"rotten","","","prime_video_film","","  prime_video_film"
"1046",8023,2020,"unknown",39,"rotten","","","prime_video_film","","  prime_video_film"
"1047",8027,2020,"unknown",39,"rotten","","","prime_video_film","","  prime_video_film"
"1048",8047,2020,"7+",39,"rotten","","","prime_video_film","","  prime_video_film"
"1049",8051,2020,"unknown",39,"rotten","","","prime_video_film","","  prime_video_film"
"1050",8083,2020,"unknown",39,"rotten","","","prime_video_film","","  prime_video_film"
"1051",8133,2020,"unknown",38,"rotten","","","prime_video_film","","  prime_video_film"
"1052",8139,2021,"all",38,"rotten","","","prime_video_film","","  prime_video_film"
"1053",8158,2021,"13+",38,"rotten","","","prime_video_film","","  prime_video_film"
"1054",8169,2020,"18+",38,"rotten","","","prime_video_film","","  prime_video_film"
"1055",8206,2021,"unknown",38,"rotten","","","prime_video_film","","  prime_video_film"
"1056",8245,2021,"unknown",38,"rotten","","","prime_video_film","","  prime_video_film"
"1057",8251,2020,"unknown",38,"rotten","","","prime_video_film","","  prime_video_film"
"1058",8255,2020,"unknown",37,"rotten","","","prime_video_film","","  prime_video_film"
"1059",8259,2021,"13+",37,"rotten","","","prime_video_film","","  prime_video_film"
"1060",8288,2020,"unknown",37,"rotten","","","prime_video_film","","  prime_video_film"
"1061",8297,2021,"unknown",37,"rotten","","","prime_video_film","","  prime_video_film"
"1062",8308,2020,"unknown",37,"rotten","","","prime_video_film","","  prime_video_film"
"1063",8314,2020,"unknown",37,"rotten","","","prime_video_film","","  prime_video_film"
"1064",8354,2020,"unknown",36,"rotten","","","prime_video_film","","  prime_video_film"
"1065",8368,2020,"unknown",36,"rotten","","","prime_video_film","","  prime_video_film"
"1066",8374,2020,"7+",36,"rotten","","","prime_video_film","","  prime_video_film"
"1067",8376,2020,"7+",36,"rotten","","","prime_video_film","","  prime_video_film"
"1068",8384,2020,"unknown",36,"rotten","","","prime_video_film","","  prime_video_film"
"1069",8385,2020,"unknown",36,"rotten","","","prime_video_film","","  prime_video_film"
"1070",8395,2020,"all",36,"rotten","","","prime_video_film","","  prime_video_film"
"1071",8396,2020,"unknown",36,"rotten","","","prime_video_film","","  prime_video_film"
"1072",8401,2020,"unknown",36,"rotten","","","prime_video_film","","  prime_video_film"
"1073",8408,2020,"unknown",36,"rotten","","","prime_video_film","","  prime_video_film"
"1074",8433,2020,"unknown",36,"rotten","","","prime_video_film","","  prime_video_film"
"1075",8436,2020,"unknown",36,"rotten","","","prime_video_film","","  prime_video_film"
"1076",8441,2020,"unknown",35,"rotten","","","prime_video_film","","  prime_video_film"
"1077",8455,2020,"unknown",35,"rotten","","","prime_video_film","","  prime_video_film"
"1078",8461,2021,"unknown",35,"rotten","","","prime_video_film","","  prime_video_film"
"1079",8479,2021,"unknown",35,"rotten","","","prime_video_film","","  prime_video_film"
"1080",8492,2020,"unknown",34,"rotten","","","prime_video_film","","  prime_video_film"
"1081",8504,2021,"unknown",34,"rotten","","","prime_video_film","","  prime_video_film"
"1082",8512,2020,"18+",34,"rotten","","","prime_video_film","","  prime_video_film"
"1083",8517,2020,"unknown",33,"rotten","","","prime_video_film","","  prime_video_film"
"1084",8531,2021,"unknown",33,"rotten","","","prime_video_film","","  prime_video_film"
"1085",8537,2020,"unknown",32,"rotten","","","prime_video_film","","  prime_video_film"
"1086",8545,2020,"unknown",31,"rotten","","","prime_video_film","","  prime_video_film"
"1087",8582,2020,"unknown",15,"rotten","","","prime_video_film","","  prime_video_film"
"1088",8586,2020,"unknown",15,"rotten","","","prime_video_film","","  prime_video_film"
"1089",8601,2020,"unknown",13,"rotten","","","prime_video_film","","  prime_video_film"
"1090",8621,2020,"7+",89,"certified_fresh","","","","disney_film","   disney_film"
"1091",8663,2021,"7+",82,"certified_fresh","","","","disney_film","   disney_film"
"1092",8674,2020,"13+",81,"certified_fresh","","","","disney_film","   disney_film"
"1093",8677,2021,"7+",81,"certified_fresh","","","","disney_film","   disney_film"
"1094",8687,2020,"7+",80,"certified_fresh","","","","disney_film","   disney_film"
"1095",8697,2020,"16+",79,"certified_fresh","","","","disney_film","   disney_film"
"1096",8747,2020,"7+",74,"fresh","","","","disney_film","   disney_film"
"1097",8769,2020,"7+",73,"fresh","","","","disney_film","   disney_film"
"1098",8852,2020,"7+",67,"fresh","","","","disney_film","   disney_film"
"1099",8900,2021,"all",64,"fresh","","","","disney_film","   disney_film"
"1100",8903,2021,"7+",64,"fresh","","","","disney_film","   disney_film"
"1101",8914,2020,"7+",64,"fresh","","","","disney_film","   disney_film"
"1102",8915,2021,"all",64,"fresh","","","","disney_film","   disney_film"
"1103",8935,2020,"all",63,"fresh","","","","disney_film","   disney_film"
"1104",8936,2020,"7+",63,"fresh","","","","disney_film","   disney_film"
"1105",8947,2021,"7+",62,"fresh","","","","disney_film","   disney_film"
"1106",8960,2021,"7+",62,"fresh","","","","disney_film","   disney_film"
"1107",8979,2020,"all",61,"fresh","","","","disney_film","   disney_film"
"1108",8983,2020,"7+",61,"fresh","","","","disney_film","   disney_film"
"1109",8986,2021,"18+",61,"fresh","","","","disney_film","   disney_film"
"1110",8990,2020,"all",61,"fresh","","","","disney_film","   disney_film"
"1111",8997,2020,"7+",60,"fresh","","","","disney_film","   disney_film"
"1112",8998,2020,"7+",60,"fresh","","","","disney_film","   disney_film"
"1113",9002,2020,"7+",60,"fresh","","","","disney_film","   disney_film"
"1114",9014,2020,"13+",60,"fresh","","","","disney_film","   disney_film"
"1115",9015,2020,"7+",59,"rotten","","","","disney_film","   disney_film"
"1116",9052,2020,"all",58,"rotten","","","","disney_film","   disney_film"
"1117",9057,2020,"7+",58,"rotten","","","","disney_film","   disney_film"
"1118",9073,2020,"all",57,"rotten","","","","disney_film","   disney_film"
"1119",9086,2020,"7+",57,"rotten","","","","disney_film","   disney_film"
"1120",9087,2020,"7+",57,"rotten","","","","disney_film","   disney_film"
"1121",9107,2021,"13+",56,"rotten","","","","disney_film","   disney_film"
"1122",9116,2021,"unknown",56,"rotten","","","","disney_film","   disney_film"
"1123",9129,2020,"all",55,"rotten","","","","disney_film","   disney_film"
"1124",9137,2021,"unknown",54,"rotten","","","","disney_film","   disney_film"
"1125",9144,2021,"unknown",54,"rotten","","","","disney_film","   disney_film"
"1126",9157,2020,"all",54,"rotten","","","","disney_film","   disney_film"
"1127",9161,2020,"7+",54,"rotten","","","","disney_film","   disney_film"
"1128",9176,2021,"unknown",53,"rotten","","","","disney_film","   disney_film"
"1129",9177,2021,"13+",53,"rotten","","","","disney_film","   disney_film"
"1130",9178,2021,"13+",53,"rotten","","","","disney_film","   disney_film"
"1131",9203,2021,"all",52,"rotten","","","","disney_film","   disney_film"
"1132",9215,2020,"unknown",51,"rotten","","","","disney_film","   disney_film"
"1133",9224,2021,"7+",51,"rotten","","","","disney_film","   disney_film"
"1134",9270,2020,"unknown",49,"rotten","","","","disney_film","   disney_film"
"1135",9276,2021,"unknown",49,"rotten","","","","disney_film","   disney_film"
"1136",9285,2021,"13+",49,"rotten","","","","disney_film","   disney_film"
"1137",9289,2021,"unknown",48,"rotten","","","","disney_film","   disney_film"
"1138",9290,2020,"unknown",48,"rotten","","","","disney_film","   disney_film"
"1139",9294,2021,"unknown",48,"rotten","","","","disney_film","   disney_film"
"1140",9296,2020,"13+",48,"rotten","","","","disney_film","   disney_film"
"1141",9307,2020,"unknown",48,"rotten","","","","disney_film","   disney_film"
"1142",9318,2021,"13+",47,"rotten","","","","disney_film","   disney_film"
"1143",9337,2020,"7+",47,"rotten","","","","disney_film","   disney_film"
"1144",9339,2020,"unknown",47,"rotten","","","","disney_film","   disney_film"
"1145",9353,2021,"7+",46,"rotten","","","","disney_film","   disney_film"
"1146",9360,2020,"unknown",46,"rotten","","","","disney_film","   disney_film"
"1147",9369,2021,"13+",45,"rotten","","","","disney_film","   disney_film"
"1148",9375,2021,"13+",45,"rotten","","","","disney_film","   disney_film"
"1149",9379,2020,"all",45,"rotten","","","","disney_film","   disney_film"
"1150",9382,2020,"unknown",45,"rotten","","","","disney_film","   disney_film"
"1151",9388,2020,"all",45,"rotten","","","","disney_film","   disney_film"
"1152",9390,2020,"all",45,"rotten","","","","disney_film","   disney_film"
"1153",9391,2020,"all",45,"rotten","","","","disney_film","   disney_film"
"1154",9401,2020,"7+",44,"rotten","","","","disney_film","   disney_film"
"1155",9409,2020,"unknown",43,"rotten","","","","disney_film","   disney_film"
"1156",9418,2020,"7+",42,"rotten","","","","disney_film","   disney_film"
"1157",9421,2020,"unknown",42,"rotten","","","","disney_film","   disney_film"
"1158",9426,2020,"unknown",42,"rotten","","","","disney_film","   disney_film"
"1159",9427,2020,"all",42,"rotten","","","","disney_film","   disney_film"
"1160",9428,2020,"unknown",42,"rotten","","","","disney_film","   disney_film"
"1161",9435,2020,"unknown",41,"rotten","","","","disney_film","   disney_film"
"1162",9442,2020,"unknown",41,"rotten","","","","disney_film","   disney_film"
"1163",9448,2020,"7+",41,"rotten","","","","disney_film","   disney_film"
"1164",9449,2020,"unknown",41,"rotten","","","","disney_film","   disney_film"
"1165",9453,2020,"7+",40,"rotten","","","","disney_film","   disney_film"
"1166",9455,2020,"unknown",40,"rotten","","","","disney_film","   disney_film"
"1167",9469,2020,"all",38,"rotten","","","","disney_film","   disney_film"
"1168",9476,2020,"13+",38,"rotten","","","","disney_film","   disney_film"
"1169",9483,2020,"unknown",37,"rotten","","","","disney_film","   disney_film"
"1170",9484,2020,"unknown",37,"rotten","","","","disney_film","   disney_film"
"1171",9485,2020,"13+",37,"rotten","","","","disney_film","   disney_film"
"1172",9486,2020,"unknown",37,"rotten","","","","disney_film","   disney_film"
"1173",9488,2020,"7+",35,"rotten","","","","disney_film","   disney_film"
"1174",9489,2020,"13+",35,"rotten","","","","disney_film","   disney_film"
"1175",9490,2020,"unknown",35,"rotten","","","","disney_film","   disney_film"
"1176",9491,2020,"unknown",35,"rotten","","","","disney_film","   disney_film"
"1177",9496,2021,"16+",33,"rotten","","","","disney_film","   disney_film"
"1178",9497,2020,"unknown",33,"rotten","","","","disney_film","   disney_film"
"1179",9501,2020,"unknown",32,"rotten","","","","disney_film","   disney_film"
"1180",9502,2020,"unknown",31,"rotten","","","","disney_film","   disney_film"
"1181",9503,2020,"unknown",16,"rotten","","","","disney_film","   disney_film"
"1182",9504,2021,"16+",16,"rotten","","","","disney_film","   disney_film"
"1183",9508,2020,"13+",14,"rotten","","","","disney_film","   disney_film"
"1184",9509,2020,"13+",14,"rotten","","","","disney_film","   disney_film"
"1185",9510,2021,"unknown",14,"rotten","","","","disney_film","   disney_film"
"1186",9511,2020,"unknown",14,"rotten","","","","disney_film","   disney_film"
"1187",9512,2020,"unknown",13,"rotten","","","","disney_film","   disney_film"
