"","id","release_year_tv","age_rating_tv","rotten_tomatoes_tv","tomato_category_tv","netflix_tv","hulu_tv","prime_video_tv","disney_tv","all_platforms_tv"
"1",10,2020,"18+",92,"certified_fresh","netflix_show","","","","netflix_show"
"2",32,2021,"18+",87,"certified_fresh","netflix_show","","","","netflix_show"
"3",37,2020,"16+",86,"certified_fresh","netflix_show","","","","netflix_show"
"4",48,2020,"16+",86,"certified_fresh","netflix_show","","","","netflix_show"
"5",65,2021,"16+",84,"certified_fresh","netflix_show","","","","netflix_show"
"6",83,2021,"16+",82,"certified_fresh","netflix_show","","","","netflix_show"
"7",121,2020,"unknown",79,"certified_fresh","netflix_show","","","","netflix_show"
"8",122,2020,"18+",79,"certified_fresh","netflix_show","","","","netflix_show"
"9",124,2020,"18+",79,"certified_fresh","netflix_show","","","","netflix_show"
"10",138,2020,"18+",78,"certified_fresh","netflix_show","","","","netflix_show"
"11",152,2020,"16+",77,"certified_fresh","netflix_show","","","","netflix_show"
"12",155,2020,"18+",77,"certified_fresh","netflix_show","","","","netflix_show"
"13",159,2020,"18+",77,"certified_fresh","netflix_show","","","","netflix_show"
"14",172,2020,"18+",76,"certified_fresh","netflix_show","","","","netflix_show"
"15",181,2021,"16+",75,"certified_fresh","netflix_show","","","","netflix_show"
"16",186,2020,"18+",75,"certified_fresh","netflix_show","","","","netflix_show"
"17",190,2020,"18+",74,"fresh","netflix_show","","","","netflix_show"
"18",191,2020,"18+",74,"fresh","netflix_show","","prime_video_show","","multi_platform_show"
"19",199,2020,"18+",74,"fresh","netflix_show","","","","netflix_show"
"20",200,2020,"unknown",74,"fresh","netflix_show","","","","netflix_show"
"21",201,2020,"7+",74,"fresh","netflix_show","","","","netflix_show"
"22",204,2021,"unknown",74,"fresh","netflix_show","","","","netflix_show"
"23",220,2020,"18+",73,"fresh","netflix_show","","","","netflix_show"
"24",226,2021,"18+",73,"fresh","netflix_show","","","","netflix_show"
"25",232,2020,"18+",72,"fresh","netflix_show","","","","netflix_show"
"26",239,2020,"18+",72,"fresh","netflix_show","","","","netflix_show"
"27",241,2021,"18+",72,"fresh","netflix_show","","","","netflix_show"
"28",242,2020,"18+",72,"fresh","netflix_show","","","","netflix_show"
"29",263,2020,"18+",71,"fresh","netflix_show","","","","netflix_show"
"30",265,2020,"18+",71,"fresh","netflix_show","","","","netflix_show"
"31",266,2021,"16+",71,"fresh","netflix_show","","","","netflix_show"
"32",267,2021,"7+",71,"fresh","netflix_show","","","","netflix_show"
"33",269,2021,"18+",71,"fresh","netflix_show","","","","netflix_show"
"34",271,2020,"7+",71,"fresh","netflix_show","","","","netflix_show"
"35",280,2020,"7+",70,"fresh","netflix_show","","","","netflix_show"
"36",282,2020,"unknown",70,"fresh","netflix_show","","","","netflix_show"
"37",283,2021,"18+",70,"fresh","netflix_show","","","","netflix_show"
"38",284,2020,"18+",70,"fresh","netflix_show","","prime_video_show","","multi_platform_show"
"39",285,2020,"16+",70,"fresh","netflix_show","","","","netflix_show"
"40",287,2020,"16+",70,"fresh","netflix_show","","","","netflix_show"
"41",289,2020,"18+",70,"fresh","netflix_show","","","","netflix_show"
"42",290,2021,"18+",70,"fresh","netflix_show","","","","netflix_show"
"43",293,2021,"18+",70,"fresh","netflix_show","","","","netflix_show"
"44",294,2020,"16+",70,"fresh","netflix_show","","","","netflix_show"
"45",299,2020,"7+",70,"fresh","netflix_show","","","","netflix_show"
"46",301,2021,"18+",70,"fresh","netflix_show","","","","netflix_show"
"47",303,2020,"18+",69,"fresh","netflix_show","","","","netflix_show"
"48",310,2020,"16+",69,"fresh","netflix_show","","","","netflix_show"
"49",312,2021,"unknown",69,"fresh","netflix_show","","","","netflix_show"
"50",314,2020,"7+",69,"fresh","netflix_show","","","","netflix_show"
"51",316,2021,"unknown",69,"fresh","netflix_show","","","","netflix_show"
"52",320,2020,"18+",69,"fresh","netflix_show","","","","netflix_show"
"53",326,2021,"18+",68,"fresh","netflix_show","","","","netflix_show"
"54",330,2021,"18+",68,"fresh","netflix_show","","","","netflix_show"
"55",336,2020,"18+",68,"fresh","netflix_show","","","","netflix_show"
"56",340,2020,"18+",68,"fresh","netflix_show","","","","netflix_show"
"57",343,2020,"18+",68,"fresh","netflix_show","","","","netflix_show"
"58",348,2021,"18+",67,"fresh","netflix_show","","","","netflix_show"
"59",357,2020,"7+",67,"fresh","netflix_show","","","","netflix_show"
"60",360,2021,"unknown",67,"fresh","netflix_show","","","","netflix_show"
"61",362,2020,"16+",67,"fresh","netflix_show","","","","netflix_show"
"62",367,2020,"18+",67,"fresh","netflix_show","","","","netflix_show"
"63",372,2020,"unknown",67,"fresh","netflix_show","","","","netflix_show"
"64",376,2021,"unknown",67,"fresh","netflix_show","","","","netflix_show"
"65",377,2020,"18+",67,"fresh","netflix_show","","","","netflix_show"
"66",378,2021,"18+",67,"fresh","netflix_show","","","","netflix_show"
"67",381,2020,"16+",67,"fresh","netflix_show","","prime_video_show","","multi_platform_show"
"68",382,2020,"18+",67,"fresh","netflix_show","","","","netflix_show"
"69",401,2020,"18+",66,"fresh","netflix_show","","","","netflix_show"
"70",405,2020,"7+",66,"fresh","netflix_show","","prime_video_show","","multi_platform_show"
"71",408,2021,"unknown",66,"fresh","netflix_show","","","","netflix_show"
"72",412,2020,"16+",66,"fresh","netflix_show","","","","netflix_show"
"73",413,2021,"7+",65,"fresh","netflix_show","","prime_video_show","","multi_platform_show"
"74",414,2020,"16+",65,"fresh","netflix_show","","","","netflix_show"
"75",415,2020,"16+",65,"fresh","netflix_show","","","","netflix_show"
"76",416,2020,"unknown",65,"fresh","netflix_show","","","","netflix_show"
"77",417,2020,"7+",65,"fresh","netflix_show","","","","netflix_show"
"78",421,2020,"18+",65,"fresh","netflix_show","","prime_video_show","","multi_platform_show"
"79",422,2020,"16+",65,"fresh","netflix_show","","","","netflix_show"
"80",424,2020,"18+",65,"fresh","netflix_show","","","","netflix_show"
"81",429,2020,"unknown",65,"fresh","netflix_show","","","","netflix_show"
"82",431,2020,"18+",65,"fresh","netflix_show","","","","netflix_show"
"83",432,2020,"16+",65,"fresh","netflix_show","","","","netflix_show"
"84",434,2021,"18+",65,"fresh","netflix_show","","prime_video_show","","multi_platform_show"
"85",437,2020,"18+",65,"fresh","netflix_show","","","","netflix_show"
"86",441,2021,"unknown",65,"fresh","netflix_show","","","","netflix_show"
"87",447,2021,"unknown",65,"fresh","netflix_show","","","","netflix_show"
"88",452,2021,"unknown",65,"fresh","netflix_show","","","","netflix_show"
"89",462,2020,"18+",64,"fresh","netflix_show","","","","netflix_show"
"90",479,2020,"18+",64,"fresh","netflix_show","","","","netflix_show"
"91",505,2020,"unknown",63,"fresh","netflix_show","","","","netflix_show"
"92",508,2021,"unknown",63,"fresh","netflix_show","","","","netflix_show"
"93",522,2021,"18+",63,"fresh","netflix_show","","","","netflix_show"
"94",525,2021,"18+",63,"fresh","netflix_show","","","","netflix_show"
"95",529,2021,"unknown",62,"fresh","netflix_show","","","","netflix_show"
"96",532,2020,"unknown",62,"fresh","netflix_show","","","","netflix_show"
"97",541,2021,"18+",62,"fresh","netflix_show","","","","netflix_show"
"98",542,2021,"unknown",62,"fresh","netflix_show","","","","netflix_show"
"99",548,2020,"unknown",62,"fresh","netflix_show","","","","netflix_show"
"100",550,2020,"unknown",62,"fresh","netflix_show","","","","netflix_show"
"101",555,2020,"18+",62,"fresh","netflix_show","","","","netflix_show"
"102",569,2020,"18+",61,"fresh","netflix_show","","","","netflix_show"
"103",570,2020,"unknown",61,"fresh","netflix_show","","","","netflix_show"
"104",578,2020,"18+",61,"fresh","netflix_show","","","","netflix_show"
"105",583,2021,"unknown",61,"fresh","netflix_show","","","","netflix_show"
"106",590,2020,"7+",61,"fresh","netflix_show","","","","netflix_show"
"107",594,2020,"18+",61,"fresh","netflix_show","","","","netflix_show"
"108",596,2020,"18+",61,"fresh","netflix_show","","","","netflix_show"
"109",601,2021,"unknown",61,"fresh","netflix_show","","","","netflix_show"
"110",603,2021,"18+",61,"fresh","netflix_show","","","","netflix_show"
"111",604,2020,"unknown",61,"fresh","netflix_show","","","","netflix_show"
"112",605,2021,"18+",61,"fresh","netflix_show","","","","netflix_show"
"113",606,2020,"18+",61,"fresh","netflix_show","","","","netflix_show"
"114",607,2021,"18+",61,"fresh","netflix_show","","","","netflix_show"
"115",615,2020,"18+",60,"fresh","netflix_show","","","","netflix_show"
"116",616,2020,"16+",60,"fresh","netflix_show","","","","netflix_show"
"117",617,2020,"7+",60,"fresh","netflix_show","","","","netflix_show"
"118",618,2021,"18+",60,"fresh","netflix_show","","","","netflix_show"
"119",620,2020,"7+",60,"fresh","netflix_show","","","","netflix_show"
"120",623,2020,"18+",60,"fresh","netflix_show","","","","netflix_show"
"121",626,2020,"18+",60,"fresh","netflix_show","","","","netflix_show"
"122",628,2021,"18+",60,"fresh","netflix_show","","","","netflix_show"
"123",630,2021,"16+",60,"fresh","netflix_show","","","","netflix_show"
"124",633,2021,"18+",60,"fresh","netflix_show","","","","netflix_show"
"125",636,2020,"unknown",60,"fresh","netflix_show","","","","netflix_show"
"126",640,2020,"unknown",60,"fresh","netflix_show","","","","netflix_show"
"127",641,2020,"16+",60,"fresh","netflix_show","","","","netflix_show"
"128",643,2021,"16+",60,"fresh","netflix_show","","","","netflix_show"
"129",652,2021,"7+",60,"fresh","netflix_show","","","","netflix_show"
"130",660,2021,"18+",59,"rotten","netflix_show","","","","netflix_show"
"131",661,2020,"18+",59,"rotten","netflix_show","","","","netflix_show"
"132",663,2021,"unknown",59,"rotten","netflix_show","","","","netflix_show"
"133",665,2020,"unknown",59,"rotten","netflix_show","","","","netflix_show"
"134",676,2021,"unknown",59,"rotten","netflix_show","","","","netflix_show"
"135",680,2021,"unknown",59,"rotten","netflix_show","","","","netflix_show"
"136",682,2021,"18+",59,"rotten","netflix_show","","","","netflix_show"
"137",683,2021,"unknown",59,"rotten","netflix_show","","","","netflix_show"
"138",688,2021,"18+",59,"rotten","netflix_show","","","","netflix_show"
"139",690,2021,"unknown",59,"rotten","netflix_show","","","","netflix_show"
"140",691,2021,"unknown",59,"rotten","netflix_show","","","","netflix_show"
"141",694,2020,"unknown",59,"rotten","netflix_show","","","","netflix_show"
"142",695,2021,"unknown",58,"rotten","netflix_show","","","","netflix_show"
"143",697,2020,"unknown",58,"rotten","netflix_show","","","","netflix_show"
"144",698,2021,"unknown",58,"rotten","netflix_show","","","","netflix_show"
"145",699,2021,"18+",58,"rotten","netflix_show","","","","netflix_show"
"146",700,2020,"unknown",58,"rotten","netflix_show","","","","netflix_show"
"147",702,2020,"7+",58,"rotten","netflix_show","","","","netflix_show"
"148",707,2020,"unknown",58,"rotten","netflix_show","","","","netflix_show"
"149",708,2020,"18+",58,"rotten","netflix_show","","","","netflix_show"
"150",710,2021,"unknown",58,"rotten","netflix_show","","","","netflix_show"
"151",711,2021,"unknown",58,"rotten","netflix_show","","","","netflix_show"
"152",718,2020,"unknown",58,"rotten","netflix_show","","","","netflix_show"
"153",719,2021,"18+",58,"rotten","netflix_show","","","","netflix_show"
"154",720,2021,"all",58,"rotten","netflix_show","","","","netflix_show"
"155",726,2020,"18+",58,"rotten","netflix_show","","","","netflix_show"
"156",727,2021,"unknown",58,"rotten","netflix_show","","","","netflix_show"
"157",728,2021,"16+",58,"rotten","netflix_show","","","","netflix_show"
"158",730,2021,"unknown",58,"rotten","netflix_show","","","","netflix_show"
"159",734,2021,"18+",57,"rotten","netflix_show","","","","netflix_show"
"160",737,2021,"18+",57,"rotten","netflix_show","","","","netflix_show"
"161",741,2020,"16+",57,"rotten","netflix_show","","","","netflix_show"
"162",742,2021,"unknown",57,"rotten","netflix_show","","","","netflix_show"
"163",743,2020,"16+",57,"rotten","netflix_show","","","","netflix_show"
"164",747,2020,"18+",57,"rotten","netflix_show","","","","netflix_show"
"165",749,2020,"unknown",57,"rotten","netflix_show","","","","netflix_show"
"166",752,2021,"unknown",57,"rotten","netflix_show","","","","netflix_show"
"167",755,2021,"unknown",57,"rotten","netflix_show","","","","netflix_show"
"168",758,2021,"unknown",57,"rotten","netflix_show","","","","netflix_show"
"169",760,2020,"18+",57,"rotten","netflix_show","hulu_show","","","multi_platform_show"
"170",769,2020,"18+",57,"rotten","netflix_show","","","","netflix_show"
"171",775,2021,"unknown",56,"rotten","netflix_show","","","","netflix_show"
"172",783,2020,"7+",56,"rotten","netflix_show","","","","netflix_show"
"173",784,2021,"unknown",56,"rotten","netflix_show","","","","netflix_show"
"174",786,2020,"unknown",56,"rotten","netflix_show","","","","netflix_show"
"175",789,2020,"16+",56,"rotten","netflix_show","","","","netflix_show"
"176",794,2021,"18+",56,"rotten","netflix_show","","","","netflix_show"
"177",796,2020,"18+",56,"rotten","netflix_show","","","","netflix_show"
"178",799,2021,"18+",56,"rotten","netflix_show","","","","netflix_show"
"179",804,2021,"unknown",56,"rotten","netflix_show","","","","netflix_show"
"180",805,2020,"18+",56,"rotten","netflix_show","","","","netflix_show"
"181",806,2020,"18+",56,"rotten","netflix_show","","","","netflix_show"
"182",808,2020,"18+",56,"rotten","netflix_show","","","","netflix_show"
"183",809,2020,"unknown",56,"rotten","netflix_show","","","","netflix_show"
"184",812,2020,"18+",56,"rotten","netflix_show","","","","netflix_show"
"185",814,2021,"18+",56,"rotten","netflix_show","","","","netflix_show"
"186",816,2021,"16+",56,"rotten","netflix_show","","","","netflix_show"
"187",817,2020,"18+",56,"rotten","netflix_show","","","","netflix_show"
"188",820,2020,"18+",56,"rotten","netflix_show","","","","netflix_show"
"189",823,2020,"unknown",55,"rotten","netflix_show","","","","netflix_show"
"190",835,2021,"unknown",55,"rotten","netflix_show","","","","netflix_show"
"191",838,2020,"unknown",55,"rotten","netflix_show","","","","netflix_show"
"192",851,2020,"16+",55,"rotten","netflix_show","","","","netflix_show"
"193",852,2021,"unknown",55,"rotten","netflix_show","","","","netflix_show"
"194",861,2020,"unknown",55,"rotten","netflix_show","","","","netflix_show"
"195",863,2020,"7+",55,"rotten","netflix_show","","","","netflix_show"
"196",875,2021,"18+",54,"rotten","netflix_show","","","","netflix_show"
"197",877,2021,"18+",54,"rotten","netflix_show","","","","netflix_show"
"198",878,2020,"16+",54,"rotten","netflix_show","","","","netflix_show"
"199",882,2020,"unknown",54,"rotten","netflix_show","","","","netflix_show"
"200",883,2020,"7+",54,"rotten","netflix_show","","","","netflix_show"
"201",885,2020,"18+",54,"rotten","netflix_show","","","","netflix_show"
"202",886,2020,"unknown",54,"rotten","netflix_show","","","","netflix_show"
"203",887,2020,"unknown",54,"rotten","netflix_show","","","","netflix_show"
"204",891,2020,"unknown",54,"rotten","netflix_show","","","","netflix_show"
"205",892,2020,"18+",54,"rotten","netflix_show","","","","netflix_show"
"206",893,2021,"unknown",54,"rotten","netflix_show","","","","netflix_show"
"207",894,2020,"18+",54,"rotten","netflix_show","","","","netflix_show"
"208",908,2021,"unknown",54,"rotten","netflix_show","","","","netflix_show"
"209",914,2020,"unknown",54,"rotten","netflix_show","","","","netflix_show"
"210",916,2020,"16+",54,"rotten","netflix_show","","","","netflix_show"
"211",919,2020,"unknown",54,"rotten","netflix_show","","","","netflix_show"
"212",921,2021,"unknown",53,"rotten","netflix_show","","","","netflix_show"
"213",922,2021,"unknown",53,"rotten","netflix_show","","","","netflix_show"
"214",924,2020,"unknown",53,"rotten","netflix_show","","","","netflix_show"
"215",929,2021,"16+",53,"rotten","netflix_show","","","","netflix_show"
"216",932,2020,"18+",53,"rotten","netflix_show","","","","netflix_show"
"217",935,2021,"18+",53,"rotten","netflix_show","","","","netflix_show"
"218",937,2020,"unknown",53,"rotten","netflix_show","","","","netflix_show"
"219",946,2021,"unknown",53,"rotten","netflix_show","","","","netflix_show"
"220",950,2020,"unknown",53,"rotten","netflix_show","","","","netflix_show"
"221",951,2020,"18+",53,"rotten","netflix_show","","","","netflix_show"
"222",952,2020,"unknown",53,"rotten","netflix_show","","","","netflix_show"
"223",953,2021,"18+",53,"rotten","netflix_show","","","","netflix_show"
"224",954,2020,"18+",53,"rotten","netflix_show","","","","netflix_show"
"225",955,2021,"7+",53,"rotten","netflix_show","","","","netflix_show"
"226",959,2020,"18+",53,"rotten","netflix_show","","","","netflix_show"
"227",964,2020,"16+",53,"rotten","netflix_show","","","","netflix_show"
"228",966,2021,"unknown",53,"rotten","netflix_show","","","","netflix_show"
"229",970,2020,"unknown",53,"rotten","netflix_show","","","","netflix_show"
"230",971,2020,"18+",53,"rotten","netflix_show","","","","netflix_show"
"231",972,2021,"7+",53,"rotten","netflix_show","","","","netflix_show"
"232",974,2021,"18+",53,"rotten","netflix_show","","","","netflix_show"
"233",979,2020,"18+",52,"rotten","netflix_show","","","","netflix_show"
"234",980,2020,"all",52,"rotten","netflix_show","","","","netflix_show"
"235",981,2021,"7+",52,"rotten","netflix_show","","","","netflix_show"
"236",985,2020,"unknown",52,"rotten","netflix_show","","","","netflix_show"
"237",989,2020,"18+",52,"rotten","netflix_show","","","","netflix_show"
"238",991,2020,"unknown",52,"rotten","netflix_show","","","","netflix_show"
"239",992,2020,"unknown",52,"rotten","netflix_show","","","","netflix_show"
"240",995,2020,"7+",52,"rotten","netflix_show","","","","netflix_show"
"241",1008,2020,"16+",52,"rotten","netflix_show","","","","netflix_show"
"242",1010,2020,"18+",52,"rotten","netflix_show","","","","netflix_show"
"243",1015,2021,"7+",52,"rotten","netflix_show","","","","netflix_show"
"244",1019,2021,"7+",52,"rotten","netflix_show","","","","netflix_show"
"245",1020,2020,"unknown",52,"rotten","netflix_show","","","","netflix_show"
"246",1021,2020,"all",52,"rotten","netflix_show","","","","netflix_show"
"247",1022,2020,"18+",52,"rotten","netflix_show","","","","netflix_show"
"248",1023,2020,"18+",52,"rotten","netflix_show","","prime_video_show","","multi_platform_show"
"249",1028,2020,"18+",52,"rotten","netflix_show","","","","netflix_show"
"250",1030,2021,"all",52,"rotten","netflix_show","","","","netflix_show"
"251",1031,2020,"16+",52,"rotten","netflix_show","","","","netflix_show"
"252",1036,2020,"18+",52,"rotten","netflix_show","","","","netflix_show"
"253",1038,2020,"16+",52,"rotten","netflix_show","","","","netflix_show"
"254",1041,2020,"unknown",51,"rotten","netflix_show","","","","netflix_show"
"255",1057,2020,"all",51,"rotten","netflix_show","","","","netflix_show"
"256",1058,2021,"unknown",51,"rotten","netflix_show","","","","netflix_show"
"257",1061,2021,"unknown",51,"rotten","netflix_show","","","","netflix_show"
"258",1066,2020,"7+",51,"rotten","netflix_show","","","","netflix_show"
"259",1069,2020,"unknown",51,"rotten","netflix_show","","","","netflix_show"
"260",1073,2020,"18+",51,"rotten","netflix_show","","","","netflix_show"
"261",1076,2020,"unknown",51,"rotten","netflix_show","","","","netflix_show"
"262",1078,2020,"unknown",51,"rotten","netflix_show","","","","netflix_show"
"263",1086,2020,"all",51,"rotten","netflix_show","","","","netflix_show"
"264",1087,2020,"18+",51,"rotten","netflix_show","","","","netflix_show"
"265",1088,2020,"all",51,"rotten","netflix_show","","","","netflix_show"
"266",1099,2021,"18+",50,"rotten","netflix_show","","","","netflix_show"
"267",1103,2020,"unknown",50,"rotten","netflix_show","","","","netflix_show"
"268",1107,2021,"18+",50,"rotten","netflix_show","","","","netflix_show"
"269",1114,2020,"18+",50,"rotten","netflix_show","","","","netflix_show"
"270",1115,2021,"18+",50,"rotten","netflix_show","","","","netflix_show"
"271",1117,2020,"unknown",50,"rotten","netflix_show","","","","netflix_show"
"272",1118,2020,"unknown",50,"rotten","netflix_show","","","","netflix_show"
"273",1122,2020,"unknown",50,"rotten","netflix_show","","","","netflix_show"
"274",1123,2020,"unknown",50,"rotten","netflix_show","","","","netflix_show"
"275",1128,2020,"7+",50,"rotten","netflix_show","","","","netflix_show"
"276",1129,2020,"unknown",50,"rotten","netflix_show","","","","netflix_show"
"277",1133,2020,"16+",50,"rotten","netflix_show","","","","netflix_show"
"278",1138,2020,"unknown",50,"rotten","netflix_show","","","","netflix_show"
"279",1140,2020,"unknown",50,"rotten","netflix_show","","","","netflix_show"
"280",1146,2021,"unknown",50,"rotten","netflix_show","","","","netflix_show"
"281",1147,2021,"unknown",49,"rotten","netflix_show","","","","netflix_show"
"282",1148,2020,"unknown",49,"rotten","netflix_show","","","","netflix_show"
"283",1149,2020,"unknown",49,"rotten","netflix_show","","","","netflix_show"
"284",1151,2020,"18+",49,"rotten","netflix_show","","","","netflix_show"
"285",1153,2020,"18+",49,"rotten","netflix_show","","","","netflix_show"
"286",1154,2020,"18+",49,"rotten","netflix_show","","","","netflix_show"
"287",1159,2021,"unknown",49,"rotten","netflix_show","","","","netflix_show"
"288",1164,2020,"unknown",49,"rotten","netflix_show","","","","netflix_show"
"289",1179,2021,"7+",49,"rotten","netflix_show","","","","netflix_show"
"290",1180,2020,"unknown",49,"rotten","netflix_show","","","","netflix_show"
"291",1181,2021,"7+",49,"rotten","netflix_show","","prime_video_show","","multi_platform_show"
"292",1182,2020,"18+",49,"rotten","netflix_show","hulu_show","","","multi_platform_show"
"293",1185,2021,"unknown",49,"rotten","netflix_show","","","","netflix_show"
"294",1187,2020,"unknown",49,"rotten","netflix_show","","","","netflix_show"
"295",1192,2020,"unknown",48,"rotten","netflix_show","","","","netflix_show"
"296",1193,2021,"unknown",48,"rotten","netflix_show","","","","netflix_show"
"297",1195,2020,"unknown",48,"rotten","netflix_show","","","","netflix_show"
"298",1201,2020,"all",48,"rotten","netflix_show","","","","netflix_show"
"299",1202,2021,"unknown",48,"rotten","netflix_show","","","","netflix_show"
"300",1209,2021,"7+",48,"rotten","netflix_show","","","","netflix_show"
"301",1211,2021,"18+",48,"rotten","netflix_show","","","","netflix_show"
"302",1212,2020,"unknown",48,"rotten","netflix_show","","","","netflix_show"
"303",1214,2020,"unknown",48,"rotten","netflix_show","","","","netflix_show"
"304",1221,2020,"18+",48,"rotten","netflix_show","","","","netflix_show"
"305",1225,2020,"unknown",48,"rotten","netflix_show","","","","netflix_show"
"306",1230,2021,"unknown",48,"rotten","netflix_show","","","","netflix_show"
"307",1236,2020,"unknown",48,"rotten","netflix_show","","","","netflix_show"
"308",1238,2021,"7+",48,"rotten","netflix_show","","","","netflix_show"
"309",1244,2020,"unknown",48,"rotten","netflix_show","","","","netflix_show"
"310",1257,2021,"unknown",47,"rotten","netflix_show","","","","netflix_show"
"311",1258,2021,"unknown",47,"rotten","netflix_show","","","","netflix_show"
"312",1259,2021,"16+",47,"rotten","netflix_show","","","","netflix_show"
"313",1263,2020,"16+",47,"rotten","netflix_show","","","","netflix_show"
"314",1264,2020,"all",47,"rotten","netflix_show","","","","netflix_show"
"315",1265,2020,"unknown",47,"rotten","netflix_show","","","","netflix_show"
"316",1268,2021,"unknown",47,"rotten","netflix_show","","","","netflix_show"
"317",1271,2020,"all",47,"rotten","netflix_show","","","","netflix_show"
"318",1273,2020,"unknown",47,"rotten","netflix_show","","","","netflix_show"
"319",1275,2021,"unknown",47,"rotten","netflix_show","","","","netflix_show"
"320",1276,2021,"16+",47,"rotten","netflix_show","","","","netflix_show"
"321",1277,2020,"unknown",47,"rotten","netflix_show","","","","netflix_show"
"322",1278,2020,"unknown",47,"rotten","netflix_show","","","","netflix_show"
"323",1284,2020,"18+",47,"rotten","netflix_show","","","","netflix_show"
"324",1285,2020,"7+",47,"rotten","netflix_show","","","","netflix_show"
"325",1289,2020,"16+",47,"rotten","netflix_show","","","","netflix_show"
"326",1296,2020,"unknown",47,"rotten","netflix_show","","","","netflix_show"
"327",1298,2020,"unknown",47,"rotten","netflix_show","","","","netflix_show"
"328",1300,2020,"unknown",46,"rotten","netflix_show","","prime_video_show","","multi_platform_show"
"329",1301,2021,"unknown",46,"rotten","netflix_show","","","","netflix_show"
"330",1304,2020,"16+",46,"rotten","netflix_show","","","","netflix_show"
"331",1307,2021,"18+",46,"rotten","netflix_show","","","","netflix_show"
"332",1308,2020,"unknown",46,"rotten","netflix_show","","","","netflix_show"
"333",1309,2020,"7+",46,"rotten","netflix_show","","","","netflix_show"
"334",1311,2020,"unknown",46,"rotten","netflix_show","","","","netflix_show"
"335",1313,2021,"unknown",46,"rotten","netflix_show","","","","netflix_show"
"336",1316,2021,"all",46,"rotten","netflix_show","","","","netflix_show"
"337",1322,2021,"18+",46,"rotten","netflix_show","","","","netflix_show"
"338",1327,2020,"unknown",46,"rotten","netflix_show","","","","netflix_show"
"339",1333,2020,"unknown",46,"rotten","netflix_show","","","","netflix_show"
"340",1341,2020,"unknown",46,"rotten","netflix_show","","","","netflix_show"
"341",1342,2020,"18+",46,"rotten","netflix_show","","","","netflix_show"
"342",1343,2020,"unknown",46,"rotten","netflix_show","","","","netflix_show"
"343",1347,2021,"unknown",45,"rotten","netflix_show","","","","netflix_show"
"344",1349,2020,"unknown",45,"rotten","netflix_show","","","","netflix_show"
"345",1350,2021,"unknown",45,"rotten","netflix_show","","","","netflix_show"
"346",1355,2020,"unknown",45,"rotten","netflix_show","","","","netflix_show"
"347",1357,2021,"16+",45,"rotten","netflix_show","","","","netflix_show"
"348",1361,2020,"unknown",45,"rotten","netflix_show","","","","netflix_show"
"349",1370,2020,"unknown",45,"rotten","netflix_show","","","","netflix_show"
"350",1372,2020,"unknown",45,"rotten","netflix_show","","","","netflix_show"
"351",1376,2020,"unknown",45,"rotten","netflix_show","","","","netflix_show"
"352",1387,2020,"18+",45,"rotten","netflix_show","","","","netflix_show"
"353",1392,2020,"all",45,"rotten","netflix_show","","","","netflix_show"
"354",1401,2020,"unknown",45,"rotten","netflix_show","","","","netflix_show"
"355",1406,2020,"unknown",44,"rotten","netflix_show","","","","netflix_show"
"356",1411,2020,"all",44,"rotten","netflix_show","","","","netflix_show"
"357",1412,2020,"all",44,"rotten","netflix_show","","","","netflix_show"
"358",1413,2021,"all",44,"rotten","netflix_show","","","","netflix_show"
"359",1415,2020,"unknown",44,"rotten","netflix_show","","","","netflix_show"
"360",1424,2020,"7+",44,"rotten","netflix_show","","","","netflix_show"
"361",1430,2020,"unknown",44,"rotten","netflix_show","","","","netflix_show"
"362",1431,2020,"unknown",44,"rotten","netflix_show","","","","netflix_show"
"363",1432,2020,"unknown",44,"rotten","netflix_show","","","","netflix_show"
"364",1434,2020,"unknown",44,"rotten","netflix_show","","","","netflix_show"
"365",1435,2021,"16+",44,"rotten","netflix_show","","","","netflix_show"
"366",1448,2020,"all",44,"rotten","netflix_show","","","","netflix_show"
"367",1449,2020,"18+",44,"rotten","netflix_show","","","","netflix_show"
"368",1454,2020,"16+",44,"rotten","netflix_show","","","","netflix_show"
"369",1467,2020,"16+",43,"rotten","netflix_show","","","","netflix_show"
"370",1476,2020,"unknown",43,"rotten","netflix_show","","","","netflix_show"
"371",1477,2021,"unknown",43,"rotten","netflix_show","","","","netflix_show"
"372",1479,2020,"unknown",43,"rotten","netflix_show","","","","netflix_show"
"373",1481,2021,"unknown",43,"rotten","netflix_show","","","","netflix_show"
"374",1490,2020,"all",43,"rotten","netflix_show","","","","netflix_show"
"375",1498,2020,"18+",43,"rotten","netflix_show","","","","netflix_show"
"376",1504,2020,"unknown",43,"rotten","netflix_show","","","","netflix_show"
"377",1506,2020,"unknown",42,"rotten","netflix_show","","","","netflix_show"
"378",1507,2020,"18+",42,"rotten","netflix_show","","","","netflix_show"
"379",1510,2021,"unknown",42,"rotten","netflix_show","","","","netflix_show"
"380",1518,2021,"unknown",42,"rotten","netflix_show","","","","netflix_show"
"381",1527,2020,"7+",42,"rotten","netflix_show","","","","netflix_show"
"382",1528,2020,"unknown",42,"rotten","netflix_show","","","","netflix_show"
"383",1532,2020,"unknown",42,"rotten","netflix_show","","","","netflix_show"
"384",1540,2020,"18+",42,"rotten","netflix_show","","","","netflix_show"
"385",1541,2020,"unknown",42,"rotten","netflix_show","","","","netflix_show"
"386",1543,2021,"16+",42,"rotten","netflix_show","","","","netflix_show"
"387",1544,2020,"unknown",42,"rotten","netflix_show","","","","netflix_show"
"388",1547,2021,"7+",42,"rotten","netflix_show","","","","netflix_show"
"389",1551,2021,"unknown",41,"rotten","netflix_show","","","","netflix_show"
"390",1554,2020,"unknown",41,"rotten","netflix_show","","","","netflix_show"
"391",1561,2020,"unknown",41,"rotten","netflix_show","","","","netflix_show"
"392",1563,2021,"unknown",41,"rotten","netflix_show","","","","netflix_show"
"393",1566,2021,"unknown",41,"rotten","netflix_show","","","","netflix_show"
"394",1571,2020,"18+",41,"rotten","netflix_show","","","","netflix_show"
"395",1577,2020,"7+",41,"rotten","netflix_show","","","","netflix_show"
"396",1587,2021,"unknown",40,"rotten","netflix_show","","","","netflix_show"
"397",1588,2021,"18+",40,"rotten","netflix_show","","","","netflix_show"
"398",1591,2021,"unknown",40,"rotten","netflix_show","","","","netflix_show"
"399",1592,2020,"unknown",40,"rotten","netflix_show","","","","netflix_show"
"400",1598,2020,"7+",40,"rotten","netflix_show","","","","netflix_show"
"401",1600,2020,"all",40,"rotten","netflix_show","","","","netflix_show"
"402",1601,2020,"18+",40,"rotten","netflix_show","","","","netflix_show"
"403",1609,2020,"18+",40,"rotten","netflix_show","","","","netflix_show"
"404",1622,2020,"7+",40,"rotten","netflix_show","","","","netflix_show"
"405",1631,2020,"unknown",40,"rotten","netflix_show","","","","netflix_show"
"406",1632,2020,"unknown",40,"rotten","netflix_show","","","","netflix_show"
"407",1633,2020,"18+",40,"rotten","netflix_show","","","","netflix_show"
"408",1635,2020,"unknown",39,"rotten","netflix_show","","","","netflix_show"
"409",1638,2020,"unknown",39,"rotten","netflix_show","","","","netflix_show"
"410",1640,2020,"18+",39,"rotten","netflix_show","","","","netflix_show"
"411",1647,2021,"18+",39,"rotten","netflix_show","","","","netflix_show"
"412",1652,2020,"unknown",39,"rotten","netflix_show","","","","netflix_show"
"413",1663,2021,"unknown",39,"rotten","netflix_show","","","","netflix_show"
"414",1666,2020,"all",39,"rotten","netflix_show","","","","netflix_show"
"415",1672,2020,"unknown",39,"rotten","netflix_show","","","","netflix_show"
"416",1673,2020,"all",39,"rotten","netflix_show","","","","netflix_show"
"417",1679,2020,"all",39,"rotten","netflix_show","","","","netflix_show"
"418",1681,2020,"unknown",38,"rotten","netflix_show","","","","netflix_show"
"419",1684,2020,"all",38,"rotten","netflix_show","","","","netflix_show"
"420",1700,2020,"unknown",38,"rotten","netflix_show","","","","netflix_show"
"421",1708,2020,"16+",37,"rotten","netflix_show","","","","netflix_show"
"422",1716,2020,"unknown",37,"rotten","netflix_show","","","","netflix_show"
"423",1723,2020,"unknown",37,"rotten","netflix_show","","","","netflix_show"
"424",1728,2020,"unknown",37,"rotten","netflix_show","","","","netflix_show"
"425",1732,2020,"all",37,"rotten","netflix_show","","","","netflix_show"
"426",1736,2020,"unknown",37,"rotten","netflix_show","","","","netflix_show"
"427",1752,2020,"unknown",36,"rotten","netflix_show","","","","netflix_show"
"428",1753,2020,"unknown",36,"rotten","netflix_show","","","","netflix_show"
"429",1761,2020,"all",36,"rotten","netflix_show","","","","netflix_show"
"430",1768,2020,"unknown",36,"rotten","netflix_show","","","","netflix_show"
"431",1785,2020,"unknown",35,"rotten","netflix_show","","","","netflix_show"
"432",1789,2020,"unknown",35,"rotten","netflix_show","","","","netflix_show"
"433",1792,2020,"unknown",35,"rotten","netflix_show","","","","netflix_show"
"434",1797,2020,"18+",35,"rotten","netflix_show","","","","netflix_show"
"435",1805,2020,"unknown",34,"rotten","netflix_show","","","","netflix_show"
"436",1816,2020,"unknown",34,"rotten","netflix_show","","","","netflix_show"
"437",1818,2020,"unknown",34,"rotten","netflix_show","","","","netflix_show"
"438",1819,2020,"unknown",34,"rotten","netflix_show","","","","netflix_show"
"439",1823,2020,"unknown",34,"rotten","netflix_show","","","","netflix_show"
"440",1851,2020,"unknown",32,"rotten","netflix_show","","","","netflix_show"
"441",1854,2020,"unknown",32,"rotten","netflix_show","","","","netflix_show"
"442",1855,2020,"unknown",31,"rotten","netflix_show","","","","netflix_show"
"443",1872,2020,"18+",31,"rotten","netflix_show","","","","netflix_show"
"444",1883,2020,"unknown",30,"rotten","netflix_show","","","","netflix_show"
"445",1899,2020,"unknown",25,"rotten","netflix_show","hulu_show","","","multi_platform_show"
"446",1903,2020,"unknown",23,"rotten","netflix_show","","","","netflix_show"
"447",1906,2020,"16+",22,"rotten","netflix_show","","","","netflix_show"
"448",1912,2021,"unknown",21,"rotten","netflix_show","","","","netflix_show"
"449",1915,2020,"unknown",20,"rotten","netflix_show","","","","netflix_show"
"450",1917,2020,"unknown",20,"rotten","netflix_show","","","","netflix_show"
"451",1920,2020,"unknown",18,"rotten","netflix_show","","","","netflix_show"
"452",2020,2020,"16+",83,"certified_fresh","","hulu_show","",""," hulu_show"
"453",2037,2020,"18+",82,"certified_fresh","","hulu_show","",""," hulu_show"
"454",2056,2020,"16+",80,"certified_fresh","","hulu_show","",""," hulu_show"
"455",2079,2020,"16+",78,"certified_fresh","","hulu_show","",""," hulu_show"
"456",2086,2020,"18+",78,"certified_fresh","","hulu_show","",""," hulu_show"
"457",2089,2020,"16+",78,"certified_fresh","","hulu_show","",""," hulu_show"
"458",2095,2021,"16+",77,"certified_fresh","","hulu_show","prime_video_show","","multi_platform_show"
"459",2100,2020,"18+",77,"certified_fresh","","hulu_show","",""," hulu_show"
"460",2110,2020,"18+",76,"certified_fresh","","hulu_show","",""," hulu_show"
"461",2139,2020,"unknown",75,"certified_fresh","","hulu_show","",""," hulu_show"
"462",2180,2020,"18+",73,"fresh","","hulu_show","",""," hulu_show"
"463",2202,2021,"18+",72,"fresh","","hulu_show","",""," hulu_show"
"464",2207,2020,"18+",72,"fresh","","hulu_show","",""," hulu_show"
"465",2220,2020,"7+",71,"fresh","","hulu_show","",""," hulu_show"
"466",2231,2021,"16+",71,"fresh","","hulu_show","",""," hulu_show"
"467",2233,2020,"18+",70,"fresh","","hulu_show","",""," hulu_show"
"468",2242,2020,"16+",70,"fresh","","hulu_show","",""," hulu_show"
"469",2255,2020,"16+",70,"fresh","","hulu_show","prime_video_show","","multi_platform_show"
"470",2263,2020,"18+",69,"fresh","","hulu_show","",""," hulu_show"
"471",2267,2021,"16+",69,"fresh","","hulu_show","",""," hulu_show"
"472",2284,2020,"18+",69,"fresh","","hulu_show","",""," hulu_show"
"473",2307,2020,"16+",68,"fresh","","hulu_show","",""," hulu_show"
"474",2311,2021,"unknown",68,"fresh","","hulu_show","",""," hulu_show"
"475",2317,2021,"18+",68,"fresh","","hulu_show","",""," hulu_show"
"476",2347,2020,"16+",67,"fresh","","hulu_show","",""," hulu_show"
"477",2349,2020,"16+",67,"fresh","","hulu_show","",""," hulu_show"
"478",2364,2021,"16+",66,"fresh","","hulu_show","",""," hulu_show"
"479",2371,2020,"16+",66,"fresh","","hulu_show","prime_video_show","","multi_platform_show"
"480",2384,2021,"16+",65,"fresh","","hulu_show","",""," hulu_show"
"481",2404,2021,"16+",64,"fresh","","hulu_show","",""," hulu_show"
"482",2432,2020,"unknown",64,"fresh","","hulu_show","",""," hulu_show"
"483",2440,2020,"7+",63,"fresh","","hulu_show","",""," hulu_show"
"484",2449,2020,"18+",63,"fresh","","hulu_show","",""," hulu_show"
"485",2452,2021,"16+",63,"fresh","","hulu_show","",""," hulu_show"
"486",2458,2020,"18+",63,"fresh","","hulu_show","",""," hulu_show"
"487",2471,2021,"7+",62,"fresh","","hulu_show","",""," hulu_show"
"488",2473,2021,"unknown",62,"fresh","","hulu_show","",""," hulu_show"
"489",2478,2020,"16+",62,"fresh","","hulu_show","",""," hulu_show"
"490",2491,2021,"16+",62,"fresh","","hulu_show","",""," hulu_show"
"491",2539,2020,"7+",60,"fresh","","hulu_show","",""," hulu_show"
"492",2551,2020,"18+",60,"fresh","","hulu_show","",""," hulu_show"
"493",2573,2021,"7+",59,"rotten","","hulu_show","",""," hulu_show"
"494",2606,2020,"16+",59,"rotten","","hulu_show","",""," hulu_show"
"495",2623,2021,"7+",58,"rotten","","hulu_show","",""," hulu_show"
"496",2627,2021,"unknown",58,"rotten","","hulu_show","",""," hulu_show"
"497",2634,2021,"16+",58,"rotten","","hulu_show","",""," hulu_show"
"498",2665,2020,"unknown",57,"rotten","","hulu_show","",""," hulu_show"
"499",2685,2021,"18+",57,"rotten","","hulu_show","",""," hulu_show"
"500",2687,2020,"18+",57,"rotten","","hulu_show","",""," hulu_show"
"501",2702,2020,"7+",56,"rotten","","hulu_show","",""," hulu_show"
"502",2710,2020,"16+",56,"rotten","","hulu_show","",""," hulu_show"
"503",2720,2020,"16+",56,"rotten","","hulu_show","",""," hulu_show"
"504",2722,2020,"16+",56,"rotten","","hulu_show","",""," hulu_show"
"505",2743,2020,"16+",55,"rotten","","hulu_show","",""," hulu_show"
"506",2749,2020,"16+",55,"rotten","","hulu_show","",""," hulu_show"
"507",2762,2021,"7+",55,"rotten","","hulu_show","",""," hulu_show"
"508",2764,2020,"all",55,"rotten","","hulu_show","",""," hulu_show"
"509",2771,2020,"unknown",55,"rotten","","hulu_show","",""," hulu_show"
"510",2780,2020,"18+",54,"rotten","","hulu_show","",""," hulu_show"
"511",2787,2020,"18+",54,"rotten","","hulu_show","",""," hulu_show"
"512",2792,2020,"unknown",54,"rotten","","hulu_show","",""," hulu_show"
"513",2794,2020,"16+",54,"rotten","","hulu_show","",""," hulu_show"
"514",2799,2021,"unknown",54,"rotten","","hulu_show","",""," hulu_show"
"515",2811,2020,"unknown",54,"rotten","","hulu_show","",""," hulu_show"
"516",2818,2020,"unknown",53,"rotten","","hulu_show","",""," hulu_show"
"517",2822,2021,"unknown",53,"rotten","","hulu_show","",""," hulu_show"
"518",2850,2020,"7+",52,"rotten","","hulu_show","",""," hulu_show"
"519",2851,2020,"unknown",52,"rotten","","hulu_show","",""," hulu_show"
"520",2853,2020,"18+",52,"rotten","","hulu_show","",""," hulu_show"
"521",2855,2021,"18+",52,"rotten","","hulu_show","",""," hulu_show"
"522",2857,2020,"16+",52,"rotten","","hulu_show","",""," hulu_show"
"523",2866,2020,"16+",52,"rotten","","hulu_show","",""," hulu_show"
"524",2867,2020,"7+",52,"rotten","","hulu_show","",""," hulu_show"
"525",2885,2020,"unknown",51,"rotten","","hulu_show","",""," hulu_show"
"526",2895,2020,"16+",51,"rotten","","hulu_show","",""," hulu_show"
"527",2912,2020,"16+",51,"rotten","","hulu_show","",""," hulu_show"
"528",2934,2020,"18+",50,"rotten","","hulu_show","",""," hulu_show"
"529",2941,2020,"16+",50,"rotten","","hulu_show","",""," hulu_show"
"530",2946,2020,"unknown",50,"rotten","","hulu_show","",""," hulu_show"
"531",2951,2020,"16+",49,"rotten","","hulu_show","",""," hulu_show"
"532",2962,2020,"7+",49,"rotten","","hulu_show","",""," hulu_show"
"533",2983,2020,"unknown",48,"rotten","","hulu_show","",""," hulu_show"
"534",2984,2020,"7+",48,"rotten","","hulu_show","",""," hulu_show"
"535",2989,2020,"unknown",48,"rotten","","hulu_show","",""," hulu_show"
"536",2993,2021,"7+",48,"rotten","","hulu_show","",""," hulu_show"
"537",2994,2021,"unknown",48,"rotten","","hulu_show","",""," hulu_show"
"538",3002,2020,"all",48,"rotten","","hulu_show","",""," hulu_show"
"539",3008,2020,"16+",48,"rotten","","hulu_show","",""," hulu_show"
"540",3024,2021,"unknown",47,"rotten","","hulu_show","",""," hulu_show"
"541",3053,2020,"16+",46,"rotten","","hulu_show","",""," hulu_show"
"542",3076,2021,"7+",45,"rotten","","hulu_show","",""," hulu_show"
"543",3080,2021,"unknown",45,"rotten","","hulu_show","",""," hulu_show"
"544",3081,2020,"unknown",45,"rotten","","hulu_show","",""," hulu_show"
"545",3087,2020,"16+",45,"rotten","","hulu_show","",""," hulu_show"
"546",3100,2020,"unknown",45,"rotten","","hulu_show","",""," hulu_show"
"547",3110,2020,"7+",45,"rotten","","hulu_show","",""," hulu_show"
"548",3126,2020,"7+",44,"rotten","","hulu_show","",""," hulu_show"
"549",3127,2021,"7+",44,"rotten","","hulu_show","",""," hulu_show"
"550",3135,2020,"16+",44,"rotten","","hulu_show","",""," hulu_show"
"551",3138,2020,"unknown",43,"rotten","","hulu_show","",""," hulu_show"
"552",3143,2020,"7+",43,"rotten","","hulu_show","",""," hulu_show"
"553",3147,2021,"7+",43,"rotten","","hulu_show","",""," hulu_show"
"554",3152,2020,"7+",43,"rotten","","hulu_show","",""," hulu_show"
"555",3153,2020,"unknown",43,"rotten","","hulu_show","",""," hulu_show"
"556",3165,2021,"7+",42,"rotten","","hulu_show","",""," hulu_show"
"557",3167,2020,"7+",42,"rotten","","hulu_show","",""," hulu_show"
"558",3170,2020,"unknown",42,"rotten","","hulu_show","",""," hulu_show"
"559",3171,2020,"all",42,"rotten","","hulu_show","",""," hulu_show"
"560",3185,2020,"all",42,"rotten","","hulu_show","",""," hulu_show"
"561",3191,2020,"16+",41,"rotten","","hulu_show","",""," hulu_show"
"562",3205,2020,"16+",41,"rotten","","hulu_show","",""," hulu_show"
"563",3213,2020,"16+",40,"rotten","","hulu_show","",""," hulu_show"
"564",3214,2021,"unknown",40,"rotten","","hulu_show","",""," hulu_show"
"565",3220,2021,"unknown",40,"rotten","","hulu_show","",""," hulu_show"
"566",3221,2020,"unknown",40,"rotten","","hulu_show","",""," hulu_show"
"567",3230,2020,"7+",40,"rotten","","hulu_show","",""," hulu_show"
"568",3231,2020,"unknown",40,"rotten","","hulu_show","",""," hulu_show"
"569",3232,2020,"unknown",40,"rotten","","hulu_show","",""," hulu_show"
"570",3240,2020,"unknown",39,"rotten","","hulu_show","",""," hulu_show"
"571",3244,2020,"unknown",39,"rotten","","hulu_show","",""," hulu_show"
"572",3245,2020,"16+",39,"rotten","","hulu_show","",""," hulu_show"
"573",3248,2020,"unknown",39,"rotten","","hulu_show","",""," hulu_show"
"574",3253,2021,"unknown",39,"rotten","","hulu_show","",""," hulu_show"
"575",3257,2021,"unknown",39,"rotten","","hulu_show","",""," hulu_show"
"576",3286,2020,"16+",37,"rotten","","hulu_show","",""," hulu_show"
"577",3289,2020,"7+",37,"rotten","","hulu_show","",""," hulu_show"
"578",3361,2020,"unknown",32,"rotten","","hulu_show","",""," hulu_show"
"579",3368,2020,"unknown",31,"rotten","","hulu_show","",""," hulu_show"
"580",3404,2021,"unknown",26,"rotten","","hulu_show","",""," hulu_show"
"581",3409,2021,"unknown",26,"rotten","","hulu_show","",""," hulu_show"
"582",3433,2020,"unknown",21,"rotten","","hulu_show","",""," hulu_show"
"583",3444,2020,"unknown",19,"rotten","","hulu_show","",""," hulu_show"
"584",3591,2021,"18+",88,"certified_fresh","","","prime_video_show","disney_show","multi_platform_show"
"585",3620,2020,"18+",82,"certified_fresh","","","prime_video_show","","  prime_video_show"
"586",3668,2021,"7+",76,"certified_fresh","","","prime_video_show","","  prime_video_show"
"587",3682,2020,"18+",72,"fresh","","","prime_video_show","","  prime_video_show"
"588",3685,2020,"16+",72,"fresh","","","prime_video_show","","  prime_video_show"
"589",3688,2021,"18+",72,"fresh","","","prime_video_show","","  prime_video_show"
"590",3691,2021,"18+",72,"fresh","","","prime_video_show","","  prime_video_show"
"591",3695,2020,"18+",71,"fresh","","","prime_video_show","","  prime_video_show"
"592",3703,2020,"16+",71,"fresh","","","prime_video_show","","  prime_video_show"
"593",3705,2020,"18+",70,"fresh","","","prime_video_show","","  prime_video_show"
"594",3715,2021,"unknown",69,"fresh","","","prime_video_show","","  prime_video_show"
"595",3732,2020,"16+",68,"fresh","","","prime_video_show","","  prime_video_show"
"596",3773,2020,"16+",64,"fresh","","","prime_video_show","","  prime_video_show"
"597",3779,2020,"18+",64,"fresh","","","prime_video_show","","  prime_video_show"
"598",3791,2020,"18+",63,"fresh","","","prime_video_show","","  prime_video_show"
"599",3794,2021,"16+",63,"fresh","","","prime_video_show","","  prime_video_show"
"600",3796,2020,"unknown",63,"fresh","","","prime_video_show","","  prime_video_show"
"601",3822,2020,"16+",61,"fresh","","","prime_video_show","","  prime_video_show"
"602",3830,2021,"unknown",61,"fresh","","","prime_video_show","","  prime_video_show"
"603",3834,2020,"18+",61,"fresh","","","prime_video_show","","  prime_video_show"
"604",3851,2020,"unknown",60,"fresh","","","prime_video_show","","  prime_video_show"
"605",3855,2020,"16+",59,"rotten","","","prime_video_show","","  prime_video_show"
"606",3863,2021,"unknown",59,"rotten","","","prime_video_show","","  prime_video_show"
"607",3873,2021,"unknown",59,"rotten","","","prime_video_show","","  prime_video_show"
"608",3877,2020,"16+",58,"rotten","","","prime_video_show","","  prime_video_show"
"609",3891,2021,"unknown",57,"rotten","","","prime_video_show","","  prime_video_show"
"610",3894,2020,"all",57,"rotten","","","prime_video_show","","  prime_video_show"
"611",3898,2020,"unknown",57,"rotten","","","prime_video_show","","  prime_video_show"
"612",3902,2020,"7+",57,"rotten","","","prime_video_show","","  prime_video_show"
"613",3945,2020,"16+",55,"rotten","","","prime_video_show","","  prime_video_show"
"614",3981,2021,"unknown",53,"rotten","","","prime_video_show","","  prime_video_show"
"615",3992,2020,"18+",53,"rotten","","","prime_video_show","","  prime_video_show"
"616",4013,2021,"unknown",52,"rotten","","","prime_video_show","","  prime_video_show"
"617",4035,2021,"unknown",51,"rotten","","","prime_video_show","","  prime_video_show"
"618",4047,2021,"unknown",51,"rotten","","","prime_video_show","","  prime_video_show"
"619",4048,2021,"18+",51,"rotten","","","prime_video_show","","  prime_video_show"
"620",4049,2020,"unknown",51,"rotten","","","prime_video_show","","  prime_video_show"
"621",4054,2020,"7+",51,"rotten","","","prime_video_show","","  prime_video_show"
"622",4065,2021,"unknown",50,"rotten","","","prime_video_show","","  prime_video_show"
"623",4066,2021,"unknown",50,"rotten","","","prime_video_show","","  prime_video_show"
"624",4083,2020,"16+",49,"rotten","","","prime_video_show","","  prime_video_show"
"625",4130,2021,"unknown",48,"rotten","","","prime_video_show","","  prime_video_show"
"626",4139,2021,"unknown",48,"rotten","","","prime_video_show","","  prime_video_show"
"627",4141,2020,"unknown",48,"rotten","","","prime_video_show","","  prime_video_show"
"628",4175,2020,"all",47,"rotten","","","prime_video_show","","  prime_video_show"
"629",4201,2020,"unknown",46,"rotten","","","prime_video_show","","  prime_video_show"
"630",4203,2020,"unknown",46,"rotten","","","prime_video_show","","  prime_video_show"
"631",4227,2020,"unknown",45,"rotten","","","prime_video_show","","  prime_video_show"
"632",4249,2020,"unknown",44,"rotten","","","prime_video_show","","  prime_video_show"
"633",4260,2020,"unknown",44,"rotten","","","prime_video_show","","  prime_video_show"
"634",4267,2020,"16+",44,"rotten","","","prime_video_show","","  prime_video_show"
"635",4369,2020,"unknown",41,"rotten","","","prime_video_show","","  prime_video_show"
"636",4389,2020,"unknown",40,"rotten","","","prime_video_show","","  prime_video_show"
"637",4421,2020,"unknown",39,"rotten","","","prime_video_show","","  prime_video_show"
"638",4434,2020,"18+",39,"rotten","","","prime_video_show","","  prime_video_show"
"639",4513,2020,"unknown",37,"rotten","","","prime_video_show","","  prime_video_show"
"640",4525,2020,"18+",37,"rotten","","","prime_video_show","","  prime_video_show"
"641",4527,2020,"unknown",37,"rotten","","","prime_video_show","","  prime_video_show"
"642",4529,2020,"unknown",37,"rotten","","","prime_video_show","","  prime_video_show"
"643",4546,2020,"unknown",36,"rotten","","","prime_video_show","","  prime_video_show"
"644",4638,2020,"all",33,"rotten","","","prime_video_show","","  prime_video_show"
"645",4705,2020,"unknown",31,"rotten","","","prime_video_show","","  prime_video_show"
"646",4874,2020,"unknown",16,"rotten","","","prime_video_show","","  prime_video_show"
"647",5376,2021,"16+",95,"certified_fresh","","","","disney_show","   disney_show"
"648",5379,2021,"16+",89,"certified_fresh","","","","disney_show","   disney_show"
"649",5381,2021,"16+",86,"certified_fresh","","","","disney_show","   disney_show"
"650",5385,2021,"7+",82,"certified_fresh","netflix_show","","","disney_show","multi_platform_show"
"651",5388,2020,"7+",78,"certified_fresh","","","","disney_show","   disney_show"
"652",5391,2021,"7+",76,"certified_fresh","","","","disney_show","   disney_show"
"653",5393,2021,"all",75,"certified_fresh","","","","disney_show","   disney_show"
"654",5398,2021,"7+",71,"fresh","","","","disney_show","   disney_show"
"655",5399,2020,"7+",71,"fresh","","","","disney_show","   disney_show"
"656",5410,2021,"7+",66,"fresh","","","","disney_show","   disney_show"
"657",5414,2021,"16+",66,"fresh","","","","disney_show","   disney_show"
"658",5424,2020,"16+",64,"fresh","","","","disney_show","   disney_show"
"659",5427,2021,"7+",63,"fresh","","","","disney_show","   disney_show"
"660",5435,2020,"7+",62,"fresh","","","","disney_show","   disney_show"
"661",5444,2021,"7+",60,"fresh","","","","disney_show","   disney_show"
"662",5451,2021,"7+",59,"rotten","","","","disney_show","   disney_show"
"663",5452,2021,"7+",59,"rotten","","","","disney_show","   disney_show"
"664",5482,2020,"7+",56,"rotten","","","","disney_show","   disney_show"
"665",5489,2020,"all",55,"rotten","","","","disney_show","   disney_show"
"666",5493,2020,"all",54,"rotten","","","","disney_show","   disney_show"
"667",5500,2021,"7+",54,"rotten","","","","disney_show","   disney_show"
"668",5505,2020,"all",53,"rotten","","","","disney_show","   disney_show"
"669",5515,2021,"7+",52,"rotten","","","","disney_show","   disney_show"
"670",5519,2020,"7+",52,"rotten","","","","disney_show","   disney_show"
"671",5523,2020,"7+",51,"rotten","","","","disney_show","   disney_show"
"672",5525,2020,"7+",51,"rotten","","","","disney_show","   disney_show"
"673",5527,2020,"7+",51,"rotten","","","","disney_show","   disney_show"
"674",5548,2020,"unknown",49,"rotten","","","","disney_show","   disney_show"
"675",5559,2020,"unknown",48,"rotten","","","","disney_show","   disney_show"
"676",5560,2021,"unknown",48,"rotten","","","","disney_show","   disney_show"
"677",5561,2020,"7+",48,"rotten","","","","disney_show","   disney_show"
"678",5562,2021,"unknown",48,"rotten","","","","disney_show","   disney_show"
"679",5573,2021,"unknown",47,"rotten","","","","disney_show","   disney_show"
"680",5577,2021,"unknown",47,"rotten","","","","disney_show","   disney_show"
"681",5580,2020,"7+",47,"rotten","","","","disney_show","   disney_show"
"682",5588,2020,"16+",46,"rotten","","","","disney_show","   disney_show"
"683",5594,2021,"all",45,"rotten","","","","disney_show","   disney_show"
"684",5596,2021,"16+",45,"rotten","","","","disney_show","   disney_show"
"685",5598,2020,"all",45,"rotten","","","","disney_show","   disney_show"
"686",5599,2020,"all",45,"rotten","","","","disney_show","   disney_show"
"687",5608,2020,"unknown",43,"rotten","","","","disney_show","   disney_show"
"688",5611,2020,"7+",43,"rotten","","","","disney_show","   disney_show"
"689",5616,2021,"all",42,"rotten","","","","disney_show","   disney_show"
"690",5619,2021,"unknown",42,"rotten","","","","disney_show","   disney_show"
"691",5622,2020,"all",42,"rotten","","","","disney_show","   disney_show"
"692",5623,2020,"unknown",42,"rotten","","","","disney_show","   disney_show"
"693",5631,2020,"all",40,"rotten","","","","disney_show","   disney_show"
"694",5633,2020,"unknown",40,"rotten","","","","disney_show","   disney_show"
"695",5638,2020,"unknown",39,"rotten","","","","disney_show","   disney_show"
"696",5643,2020,"unknown",38,"rotten","","","","disney_show","   disney_show"
"697",5650,2020,"16+",38,"rotten","netflix_show","","","disney_show","multi_platform_show"
"698",5653,2021,"all",37,"rotten","","","","disney_show","   disney_show"
"699",5657,2020,"unknown",37,"rotten","","","","disney_show","   disney_show"
"700",5658,2020,"unknown",37,"rotten","","","","disney_show","   disney_show"
"701",5659,2020,"7+",37,"rotten","","","","disney_show","   disney_show"
"702",5661,2020,"unknown",36,"rotten","","","","disney_show","   disney_show"
"703",5664,2020,"unknown",36,"rotten","","","","disney_show","   disney_show"
"704",5666,2020,"unknown",35,"rotten","","","","disney_show","   disney_show"
"705",5669,2020,"unknown",35,"rotten","","","","disney_show","   disney_show"
"706",5670,2020,"unknown",35,"rotten","","","","disney_show","   disney_show"
"707",5678,2020,"unknown",33,"rotten","","","","disney_show","   disney_show"
"708",5679,2020,"all",33,"rotten","","","","disney_show","   disney_show"
"709",5690,2020,"all",29,"rotten","","","","disney_show","   disney_show"
"710",5692,2020,"unknown",28,"rotten","","","","disney_show","   disney_show"
"711",5702,2020,"unknown",14,"rotten","","","","disney_show","   disney_show"
"712",5711,2020,"unknown",13,"rotten","","","","disney_show","   disney_show"
"713",5715,2020,"unknown",10,"rotten","","","","disney_show","   disney_show"
